<?xml version="1.0" encoding="UTF-8"?>
<data-stream-collection xmlns="http://scap.nist.gov/schema/scap/source/1.2" xmlns:xsi="http://www.w3.org/2001/XMLSchema-instance" id="scap_navy.navwar.niwcatlantic.scc_collection_U_MS_OneDrive_V2R2_STIG_SCAP_1-3_Benchmark-enhancedV3" schematron-version="1.3" xsi:schemaLocation="http://checklists.nist.gov/xccdf/1.2 http://scap.nist.gov/schema/xccdf/1.2/xccdf_1.2.xsd http://cpe.mitre.org/dictionary/2.0 http://scap.nist.gov/schema/cpe/2.3/cpe-dictionary_2.3.xsd http://oval.mitre.org/XMLSchema/oval-common-5 https://github.com/OVALProject/Language/tree/5.11.2/schemas/oval-common-schema.xsd http://oval.mitre.org/XMLSchema/oval-definitions-5 https://github.com/OVALProject/Language/tree/5.11.2/schemas/oval-definitions-schema.xsd http://oval.mitre.org/XMLSchema/oval-definitions-5#independent https://github.com/OVALProject/Language/tree/5.11.2/schemas/independent-definitions-schema.xsd http://oval.mitre.org/XMLSchema/oval-definitions-5#iosxe https://github.com/OVALProject/Language/tree/5.11.2/schemas/iosxe-definitions-schema.xsd http://scap.nist.gov/schema/scap/source/1.2 http://scap.nist.gov/schema/scap/1.3/scap-source-data-stream_1.3.xsd">
	<data-stream id="scap_navy.navwar.niwcatlantic.scc_datastream_U_MS_OneDrive_V2R2_STIG_SCAP_1-3_Benchmark-enhancedV3" use-case="CONFIGURATION" scap-version="1.3" timestamp="2023-06-02T13:49:22">
		<dictionaries>
			<component-ref xmlns:xlink="http://www.w3.org/1999/xlink" id="scap_navy.navwar.niwcatlantic.scc_cref_U_MS_OneDrive_V2R2_STIG_SCAP_1-3_Benchmark-enhancedV3-cpe-dictionary.xml" xlink:href="#scap_navy.navwar.niwcatlantic.scc_comp_U_MS_OneDrive_V2R2_STIG_SCAP_1-3_Benchmark-enhancedV3-cpe-dictionary.xml">
				<cat:catalog xmlns:cat="urn:oasis:names:tc:entity:xmlns:xml:catalog">
					<cat:uri name="U_MS_OneDrive_V2R2_STIG_SCAP_1-3_Benchmark-enhancedV3-cpe-oval.xml" uri="#scap_navy.navwar.niwcatlantic.scc_cref_U_MS_OneDrive_V2R2_STIG_SCAP_1-3_Benchmark-enhancedV3-cpe-oval.xml" />
				</cat:catalog>
			</component-ref>
		</dictionaries>
		<checklists>
			<component-ref xmlns:xlink="http://www.w3.org/1999/xlink" id="scap_navy.navwar.niwcatlantic.scc_cref_U_MS_OneDrive_V2R2_STIG_SCAP_1-3_Benchmark-enhancedV3-xccdf.xml" xlink:href="#scap_navy.navwar.niwcatlantic.scc_comp_U_MS_OneDrive_V2R2_STIG_SCAP_1-3_Benchmark-enhancedV3-xccdf.xml">
				<cat:catalog xmlns:cat="urn:oasis:names:tc:entity:xmlns:xml:catalog">
					<cat:uri name="U_MS_OneDrive_V2R2_STIG_SCAP_1-3_Benchmark-enhancedV3-oval.xml" uri="#scap_navy.navwar.niwcatlantic.scc_cref_U_MS_OneDrive_V2R2_STIG_SCAP_1-3_Benchmark-enhancedV3-oval.xml" />
					<cat:uri name="U_MS_OneDrive_V2R2_STIG_SCAP_1-3_Benchmark-enhancedV3-ocil.xml" uri="#scap_navy.navwar.niwcatlantic.scc_cref_U_MS_OneDrive_V2R2_STIG_SCAP_1-3_Benchmark-enhancedV3-ocil.xml" />
				</cat:catalog>
			</component-ref>
		</checklists>
		<checks>
			<component-ref xmlns:xlink="http://www.w3.org/1999/xlink" id="scap_navy.navwar.niwcatlantic.scc_cref_U_MS_OneDrive_V2R2_STIG_SCAP_1-3_Benchmark-enhancedV3-oval.xml" xlink:href="#scap_navy.navwar.niwcatlantic.scc_comp_U_MS_OneDrive_V2R2_STIG_SCAP_1-3_Benchmark-enhancedV3-oval.xml" />
			<component-ref xmlns:xlink="http://www.w3.org/1999/xlink" id="scap_navy.navwar.niwcatlantic.scc_cref_U_MS_OneDrive_V2R2_STIG_SCAP_1-3_Benchmark-enhancedV3-ocil.xml" xlink:href="#scap_navy.navwar.niwcatlantic.scc_comp_U_MS_OneDrive_V2R2_STIG_SCAP_1-3_Benchmark-enhancedV3-ocil.xml" />
			<component-ref xmlns:xlink="http://www.w3.org/1999/xlink" id="scap_navy.navwar.niwcatlantic.scc_cref_U_MS_OneDrive_V2R2_STIG_SCAP_1-3_Benchmark-enhancedV3-cpe-oval.xml" xlink:href="#scap_navy.navwar.niwcatlantic.scc_comp_U_MS_OneDrive_V2R2_STIG_SCAP_1-3_Benchmark-enhancedV3-cpe-oval.xml" />
		</checks>
	</data-stream>
	<component id="scap_navy.navwar.niwcatlantic.scc_comp_U_MS_OneDrive_V2R2_STIG_SCAP_1-3_Benchmark-enhancedV3-xccdf.xml" timestamp="2023-01-10T09:31:08">
		<xccdf:Benchmark xmlns:xccdf="http://checklists.nist.gov/xccdf/1.2"
           xmlns:oval="http://oval.mitre.org/XMLSchema/oval-common-5"
           xmlns:dsig="http://www.w3.org/2000/09/xmldsig#"
           xmlns:xhtml="http://www.w3.org/1999/xhtml"
           xmlns:xsi="http://www.w3.org/2001/XMLSchema-instance"
           xmlns:cpe="http://cpe.mitre.org/language/2.0"
           xmlns:dc="http://purl.org/dc/elements/1.1/"
		   xml:lang="en"
           xsi:schemaLocation="http://checklists.nist.gov/xccdf/1.2 http://scap.nist.gov/schema/xccdf/1.2/xccdf_1.2.xsd http://cpe.mitre.org/dictionary/2.0 http://scap.nist.gov/schema/cpe/2.3/cpe-dictionary_2.3.xsd"
           id="xccdf_navy.navwar.niwcatlantic.scc_benchmark_Microsoft_OneDrive_STIG"
           style="SCAP_1.3">
   <xccdf:status date="2023-05-23">accepted</xccdf:status>
   <xccdf:title>Microsoft OneDrive STIG SCAP Benchmark - NIWC Enhanced with Manual Questions</xccdf:title>
   <xccdf:description>This SCAP Benchmark was created based on the DISA Microsoft OneDrive Security Technical Implementation Guide, Version 2, Release 2, by NIWC Atlantic.  For questions/issues with the content please contact:  scc.fct@navy.mil</xccdf:description>
<xccdf:notice id="terms-of-use" xml:lang="en">Portions of this document were developed at Naval Information Warfare Center Atlantic by employees of the Federal Government in the course of their official duties. Pursuant to title 17 Section 105 of the United States Code this software is not subject to copyright protection and is in the public domain. The Government assumes no responsibility whatsoever for its use by other parties, and the software is provided "AS IS" without warranty or guarantee of any kind, express or implied, including, but not limited to, the warranties of merchantability and of fitness for a particular purpose. In no event shall the Government be liable for any claim, damages or other liability, whether in an action of contract, tort or other dealings in the software. The Government has no obligation hereunder to provide maintenance, support, updates, enhancements, or modifications. We would appreciate acknowledgement if the software is used. This software can be redistributed and/or modified freely provided that any derivative works bear some notice that they are derived from it, and any modified versions bear some notice that they have been modified.</xccdf:notice>
<xccdf:front-matter xml:lang="en">This content stream was enhanced with OCIL manual questions derived from the STIG Manual by the NIWC SCC team.
Timestamp: 2023-06-02T13:49:22
Tool Version: 1.0
STIG Manual Version: 2.2
SCAP Benchmark Version: 2.2
Manual rules added: 1</xccdf:front-matter>
<xccdf:rear-matter xml:lang="en">This data is metadata to be used for the creation of CKL reports.
version:--:2
classification:--:UNCLASSIFIED
customname:--:
stigid:--:Microsoft_OneDrive
description:--:This Security Technical Implementation Guide is published as a tool to improve the security of Department of Defense (DoD) information systems. The requirements are derived from the National Institute of Standards and Technology (NIST) 800-53 and related documents. Comments or proposed revisions to this document should be sent via email to the following address: disa.stig_spt@mail.mil.
filename:--:U_MS_OneDrive_V2R2_STIG_Manual-xccdf.xml
releaseinfo:--:Release: 2 Benchmark Date: 01 Nov 2021
title:--:Microsoft OneDrive Security Technical Implementation Guide
uuid:--:
notice:--:
source:--:STIG.DOD.MIL
</xccdf:rear-matter>
   <xccdf:reference href="https://www.niwcatlantic.navy.mil/scap/scap-content-repository/">
      <dc:creator>NIWC</dc:creator>
      <dc:publisher>NIWC</dc:publisher>
      <dc:contributor>NIWC</dc:contributor>
      <dc:contributor>DISA</dc:contributor>
      <dc:source>STIG.DOD.MIL</dc:source>
   </xccdf:reference>
   <xccdf:plain-text id="release-info">Release: 2.2.3, Benchmark Date: 23 May 2023. Based on DISA STIG Manual V2R2</xccdf:plain-text>
   <xccdf:platform idref="cpe:/a:microsoft:onedrive:-"/>
<xccdf:version update="http://iase.disa.mil/stigs">2.2.3</xccdf:version>
	<xccdf:metadata>
		<dc:creator>NIWC</dc:creator>
		<dc:publisher>NIWC</dc:publisher>
		<dc:contributor>NIWC</dc:contributor>
		<dc:contributor>DISA</dc:contributor>
		<dc:source>STIG.DOD.MIL</dc:source>
	</xccdf:metadata>
<xccdf:Profile id="xccdf_navy.navwar.niwcatlantic.scc_profile_MAC-1_Classified">
    <xccdf:title>I - Mission Critical Classified</xccdf:title>
    <xccdf:description>&lt;ProfileDescription&gt;&lt;/ProfileDescription&gt;</xccdf:description>
    <xccdf:select idref="xccdf_navy.navwar.niwcatlantic.scc_group_V-215529" selected="true"/>
    <xccdf:select idref="xccdf_navy.navwar.niwcatlantic.scc_group_V-215530" selected="true"/>
    <xccdf:select idref="xccdf_navy.navwar.niwcatlantic.scc_group_V-215531" selected="true"/>
    <xccdf:select idref="xccdf_navy.navwar.niwcatlantic.scc_group_V-215532" selected="true"/>
    <xccdf:select idref="xccdf_navy.navwar.niwcatlantic.scc_group_V-215533" selected="true"/>
    <xccdf:select idref="xccdf_navy.navwar.niwcatlantic.scc_group_V-215534" selected="true"/>
    <xccdf:select idref="xccdf_navy.navwar.niwcatlantic.scc_group_V-215535" selected="true"/>
    <xccdf:select idref="xccdf_navy.navwar.niwcatlantic.scc_group_V-215536" selected="true"/>
    <xccdf:select idref="xccdf_navy.navwar.niwcatlantic.scc_group_V-215537" selected="true"/>
    <xccdf:select idref="xccdf_navy.navwar.niwcatlantic.scc_group_V-215538" selected="true"/>
    <xccdf:select idref="xccdf_navy.navwar.niwcatlantic.scc_group_V-230562" selected="true"/>
    <xccdf:select idref="xccdf_navy.navwar.niwcatlantic.scc_group_V-230564" selected="true"/>
  </xccdf:Profile>
<xccdf:Profile id="xccdf_navy.navwar.niwcatlantic.scc_profile_MAC-1_Public">
    <xccdf:title>I - Mission Critical Public</xccdf:title>
    <xccdf:description>&lt;ProfileDescription&gt;&lt;/ProfileDescription&gt;</xccdf:description>
    <xccdf:select idref="xccdf_navy.navwar.niwcatlantic.scc_group_V-215529" selected="true"/>
    <xccdf:select idref="xccdf_navy.navwar.niwcatlantic.scc_group_V-215530" selected="true"/>
    <xccdf:select idref="xccdf_navy.navwar.niwcatlantic.scc_group_V-215531" selected="true"/>
    <xccdf:select idref="xccdf_navy.navwar.niwcatlantic.scc_group_V-215532" selected="true"/>
    <xccdf:select idref="xccdf_navy.navwar.niwcatlantic.scc_group_V-215533" selected="true"/>
    <xccdf:select idref="xccdf_navy.navwar.niwcatlantic.scc_group_V-215534" selected="true"/>
    <xccdf:select idref="xccdf_navy.navwar.niwcatlantic.scc_group_V-215535" selected="true"/>
    <xccdf:select idref="xccdf_navy.navwar.niwcatlantic.scc_group_V-215536" selected="true"/>
    <xccdf:select idref="xccdf_navy.navwar.niwcatlantic.scc_group_V-215537" selected="true"/>
    <xccdf:select idref="xccdf_navy.navwar.niwcatlantic.scc_group_V-215538" selected="true"/>
    <xccdf:select idref="xccdf_navy.navwar.niwcatlantic.scc_group_V-230562" selected="true"/>
    <xccdf:select idref="xccdf_navy.navwar.niwcatlantic.scc_group_V-230564" selected="true"/>
  </xccdf:Profile>
<xccdf:Profile id="xccdf_navy.navwar.niwcatlantic.scc_profile_MAC-1_Sensitive">
    <xccdf:title>I - Mission Critical Sensitive</xccdf:title>
    <xccdf:description>&lt;ProfileDescription&gt;&lt;/ProfileDescription&gt;</xccdf:description>
    <xccdf:select idref="xccdf_navy.navwar.niwcatlantic.scc_group_V-215529" selected="true"/>
    <xccdf:select idref="xccdf_navy.navwar.niwcatlantic.scc_group_V-215530" selected="true"/>
    <xccdf:select idref="xccdf_navy.navwar.niwcatlantic.scc_group_V-215531" selected="true"/>
    <xccdf:select idref="xccdf_navy.navwar.niwcatlantic.scc_group_V-215532" selected="true"/>
    <xccdf:select idref="xccdf_navy.navwar.niwcatlantic.scc_group_V-215533" selected="true"/>
    <xccdf:select idref="xccdf_navy.navwar.niwcatlantic.scc_group_V-215534" selected="true"/>
    <xccdf:select idref="xccdf_navy.navwar.niwcatlantic.scc_group_V-215535" selected="true"/>
    <xccdf:select idref="xccdf_navy.navwar.niwcatlantic.scc_group_V-215536" selected="true"/>
    <xccdf:select idref="xccdf_navy.navwar.niwcatlantic.scc_group_V-215537" selected="true"/>
    <xccdf:select idref="xccdf_navy.navwar.niwcatlantic.scc_group_V-215538" selected="true"/>
    <xccdf:select idref="xccdf_navy.navwar.niwcatlantic.scc_group_V-230562" selected="true"/>
    <xccdf:select idref="xccdf_navy.navwar.niwcatlantic.scc_group_V-230564" selected="true"/>
  </xccdf:Profile>
<xccdf:Profile id="xccdf_navy.navwar.niwcatlantic.scc_profile_MAC-2_Classified">
    <xccdf:title>II - Mission Support Classified</xccdf:title>
    <xccdf:description>&lt;ProfileDescription&gt;&lt;/ProfileDescription&gt;</xccdf:description>
    <xccdf:select idref="xccdf_navy.navwar.niwcatlantic.scc_group_V-215529" selected="true"/>
    <xccdf:select idref="xccdf_navy.navwar.niwcatlantic.scc_group_V-215530" selected="true"/>
    <xccdf:select idref="xccdf_navy.navwar.niwcatlantic.scc_group_V-215531" selected="true"/>
    <xccdf:select idref="xccdf_navy.navwar.niwcatlantic.scc_group_V-215532" selected="true"/>
    <xccdf:select idref="xccdf_navy.navwar.niwcatlantic.scc_group_V-215533" selected="true"/>
    <xccdf:select idref="xccdf_navy.navwar.niwcatlantic.scc_group_V-215534" selected="true"/>
    <xccdf:select idref="xccdf_navy.navwar.niwcatlantic.scc_group_V-215535" selected="true"/>
    <xccdf:select idref="xccdf_navy.navwar.niwcatlantic.scc_group_V-215536" selected="true"/>
    <xccdf:select idref="xccdf_navy.navwar.niwcatlantic.scc_group_V-215537" selected="true"/>
    <xccdf:select idref="xccdf_navy.navwar.niwcatlantic.scc_group_V-215538" selected="true"/>
    <xccdf:select idref="xccdf_navy.navwar.niwcatlantic.scc_group_V-230562" selected="true"/>
    <xccdf:select idref="xccdf_navy.navwar.niwcatlantic.scc_group_V-230564" selected="true"/>
  </xccdf:Profile>
<xccdf:Profile id="xccdf_navy.navwar.niwcatlantic.scc_profile_MAC-2_Public">
    <xccdf:title>II - Mission Support Public</xccdf:title>
    <xccdf:description>&lt;ProfileDescription&gt;&lt;/ProfileDescription&gt;</xccdf:description>
    <xccdf:select idref="xccdf_navy.navwar.niwcatlantic.scc_group_V-215529" selected="true"/>
    <xccdf:select idref="xccdf_navy.navwar.niwcatlantic.scc_group_V-215530" selected="true"/>
    <xccdf:select idref="xccdf_navy.navwar.niwcatlantic.scc_group_V-215531" selected="true"/>
    <xccdf:select idref="xccdf_navy.navwar.niwcatlantic.scc_group_V-215532" selected="true"/>
    <xccdf:select idref="xccdf_navy.navwar.niwcatlantic.scc_group_V-215533" selected="true"/>
    <xccdf:select idref="xccdf_navy.navwar.niwcatlantic.scc_group_V-215534" selected="true"/>
    <xccdf:select idref="xccdf_navy.navwar.niwcatlantic.scc_group_V-215535" selected="true"/>
    <xccdf:select idref="xccdf_navy.navwar.niwcatlantic.scc_group_V-215536" selected="true"/>
    <xccdf:select idref="xccdf_navy.navwar.niwcatlantic.scc_group_V-215537" selected="true"/>
    <xccdf:select idref="xccdf_navy.navwar.niwcatlantic.scc_group_V-215538" selected="true"/>
    <xccdf:select idref="xccdf_navy.navwar.niwcatlantic.scc_group_V-230562" selected="true"/>
    <xccdf:select idref="xccdf_navy.navwar.niwcatlantic.scc_group_V-230564" selected="true"/>
  </xccdf:Profile>
<xccdf:Profile id="xccdf_navy.navwar.niwcatlantic.scc_profile_MAC-2_Sensitive">
    <xccdf:title>II - Mission Support Sensitive</xccdf:title>
    <xccdf:description>&lt;ProfileDescription&gt;&lt;/ProfileDescription&gt;</xccdf:description>
    <xccdf:select idref="xccdf_navy.navwar.niwcatlantic.scc_group_V-215529" selected="true"/>
    <xccdf:select idref="xccdf_navy.navwar.niwcatlantic.scc_group_V-215530" selected="true"/>
    <xccdf:select idref="xccdf_navy.navwar.niwcatlantic.scc_group_V-215531" selected="true"/>
    <xccdf:select idref="xccdf_navy.navwar.niwcatlantic.scc_group_V-215532" selected="true"/>
    <xccdf:select idref="xccdf_navy.navwar.niwcatlantic.scc_group_V-215533" selected="true"/>
    <xccdf:select idref="xccdf_navy.navwar.niwcatlantic.scc_group_V-215534" selected="true"/>
    <xccdf:select idref="xccdf_navy.navwar.niwcatlantic.scc_group_V-215535" selected="true"/>
    <xccdf:select idref="xccdf_navy.navwar.niwcatlantic.scc_group_V-215536" selected="true"/>
    <xccdf:select idref="xccdf_navy.navwar.niwcatlantic.scc_group_V-215537" selected="true"/>
    <xccdf:select idref="xccdf_navy.navwar.niwcatlantic.scc_group_V-215538" selected="true"/>
    <xccdf:select idref="xccdf_navy.navwar.niwcatlantic.scc_group_V-230562" selected="true"/>
    <xccdf:select idref="xccdf_navy.navwar.niwcatlantic.scc_group_V-230564" selected="true"/>
  </xccdf:Profile>
<xccdf:Profile id="xccdf_navy.navwar.niwcatlantic.scc_profile_MAC-3_Classified">
    <xccdf:title>III - Administrative Classified</xccdf:title>
    <xccdf:description>&lt;ProfileDescription&gt;&lt;/ProfileDescription&gt;</xccdf:description>
    <xccdf:select idref="xccdf_navy.navwar.niwcatlantic.scc_group_V-215529" selected="true"/>
    <xccdf:select idref="xccdf_navy.navwar.niwcatlantic.scc_group_V-215530" selected="true"/>
    <xccdf:select idref="xccdf_navy.navwar.niwcatlantic.scc_group_V-215531" selected="true"/>
    <xccdf:select idref="xccdf_navy.navwar.niwcatlantic.scc_group_V-215532" selected="true"/>
    <xccdf:select idref="xccdf_navy.navwar.niwcatlantic.scc_group_V-215533" selected="true"/>
    <xccdf:select idref="xccdf_navy.navwar.niwcatlantic.scc_group_V-215534" selected="true"/>
    <xccdf:select idref="xccdf_navy.navwar.niwcatlantic.scc_group_V-215535" selected="true"/>
    <xccdf:select idref="xccdf_navy.navwar.niwcatlantic.scc_group_V-215536" selected="true"/>
    <xccdf:select idref="xccdf_navy.navwar.niwcatlantic.scc_group_V-215537" selected="true"/>
    <xccdf:select idref="xccdf_navy.navwar.niwcatlantic.scc_group_V-215538" selected="true"/>
    <xccdf:select idref="xccdf_navy.navwar.niwcatlantic.scc_group_V-230562" selected="true"/>
    <xccdf:select idref="xccdf_navy.navwar.niwcatlantic.scc_group_V-230564" selected="true"/>
  </xccdf:Profile>
<xccdf:Profile id="xccdf_navy.navwar.niwcatlantic.scc_profile_MAC-3_Public">
    <xccdf:title>III - Administrative Public</xccdf:title>
    <xccdf:description>&lt;ProfileDescription&gt;&lt;/ProfileDescription&gt;</xccdf:description>
    <xccdf:select idref="xccdf_navy.navwar.niwcatlantic.scc_group_V-215529" selected="true"/>
    <xccdf:select idref="xccdf_navy.navwar.niwcatlantic.scc_group_V-215530" selected="true"/>
    <xccdf:select idref="xccdf_navy.navwar.niwcatlantic.scc_group_V-215531" selected="true"/>
    <xccdf:select idref="xccdf_navy.navwar.niwcatlantic.scc_group_V-215532" selected="true"/>
    <xccdf:select idref="xccdf_navy.navwar.niwcatlantic.scc_group_V-215533" selected="true"/>
    <xccdf:select idref="xccdf_navy.navwar.niwcatlantic.scc_group_V-215534" selected="true"/>
    <xccdf:select idref="xccdf_navy.navwar.niwcatlantic.scc_group_V-215535" selected="true"/>
    <xccdf:select idref="xccdf_navy.navwar.niwcatlantic.scc_group_V-215536" selected="true"/>
    <xccdf:select idref="xccdf_navy.navwar.niwcatlantic.scc_group_V-215537" selected="true"/>
    <xccdf:select idref="xccdf_navy.navwar.niwcatlantic.scc_group_V-215538" selected="true"/>
    <xccdf:select idref="xccdf_navy.navwar.niwcatlantic.scc_group_V-230562" selected="true"/>
    <xccdf:select idref="xccdf_navy.navwar.niwcatlantic.scc_group_V-230564" selected="true"/>
  </xccdf:Profile>
<xccdf:Profile id="xccdf_navy.navwar.niwcatlantic.scc_profile_MAC-3_Sensitive">
    <xccdf:title>III - Administrative Sensitive</xccdf:title>
    <xccdf:description>&lt;ProfileDescription&gt;&lt;/ProfileDescription&gt;</xccdf:description>
    <xccdf:select idref="xccdf_navy.navwar.niwcatlantic.scc_group_V-215529" selected="true"/>
    <xccdf:select idref="xccdf_navy.navwar.niwcatlantic.scc_group_V-215530" selected="true"/>
    <xccdf:select idref="xccdf_navy.navwar.niwcatlantic.scc_group_V-215531" selected="true"/>
    <xccdf:select idref="xccdf_navy.navwar.niwcatlantic.scc_group_V-215532" selected="true"/>
    <xccdf:select idref="xccdf_navy.navwar.niwcatlantic.scc_group_V-215533" selected="true"/>
    <xccdf:select idref="xccdf_navy.navwar.niwcatlantic.scc_group_V-215534" selected="true"/>
    <xccdf:select idref="xccdf_navy.navwar.niwcatlantic.scc_group_V-215535" selected="true"/>
    <xccdf:select idref="xccdf_navy.navwar.niwcatlantic.scc_group_V-215536" selected="true"/>
    <xccdf:select idref="xccdf_navy.navwar.niwcatlantic.scc_group_V-215537" selected="true"/>
    <xccdf:select idref="xccdf_navy.navwar.niwcatlantic.scc_group_V-215538" selected="true"/>
    <xccdf:select idref="xccdf_navy.navwar.niwcatlantic.scc_group_V-230562" selected="true"/>
    <xccdf:select idref="xccdf_navy.navwar.niwcatlantic.scc_group_V-230564" selected="true"/>
  </xccdf:Profile>
<xccdf:Group id="xccdf_navy.navwar.niwcatlantic.scc_group_V-215529">
    <xccdf:title>SRG-APP-000210</xccdf:title>
    <xccdf:description>&lt;GroupDescription&gt;&lt;/GroupDescription&gt;</xccdf:description>
    <xccdf:Rule id="xccdf_navy.navwar.niwcatlantic.scc_rule_SV-215529r569322_rule" weight="10.0" severity="medium">
      <xccdf:version>DTOO104</xccdf:version>
      <xccdf:title>Disabling of user name and password syntax from being used in URLs must be enforced.
</xccdf:title>
      <xccdf:description>&lt;VulnDiscussion&gt;The Uniform Resource Locator (URL) standard allows user authentication to be included in URL strings in the form http://username:password@example.com. A malicious user might use this URL syntax to create a hyperlink that appears to open a legitimate website but actually opens a deceptive (spoofed) website. For example, the URL http://www.wingtiptoys.com@example.com appears to open http://www.wingtiptoys.com but actually opens http://example.com. To protect users from such attacks, Internet Explorer usually blocks any URLs using this syntax.

This functionality can be controlled separately for instances of Internet Explorer spawned by Office applications (for example, if a user clicks a link in an Office document or selects a menu option that loads a website). If user names and passwords in URLs are allowed, users could be diverted to dangerous Web pages, which could pose a security risk.&lt;/VulnDiscussion&gt;&lt;FalsePositives&gt;&lt;/FalsePositives&gt;&lt;FalseNegatives&gt;&lt;/FalseNegatives&gt;&lt;Documentable&gt;false&lt;/Documentable&gt;&lt;Mitigations&gt;&lt;/Mitigations&gt;&lt;SeverityOverrideGuidance&gt;&lt;/SeverityOverrideGuidance&gt;&lt;PotentialImpacts&gt;&lt;/PotentialImpacts&gt;&lt;ThirdPartyTools&gt;&lt;/ThirdPartyTools&gt;&lt;MitigationControl&gt;&lt;/MitigationControl&gt;&lt;Responsibility&gt;&lt;/Responsibility&gt;&lt;IAControls&gt;&lt;/IAControls&gt;</xccdf:description>
      <xccdf:reference>
        <dc:title>DPMS Target Microsoft OneDrive for Business 2016</dc:title>
        <dc:publisher>DISA+NIWC</dc:publisher>
        <dc:type>DPMS Target</dc:type>
        <dc:subject>Microsoft OneDrive for Business 2016</dc:subject>
        <dc:identifier>4015</dc:identifier>
      </xccdf:reference>
      <xccdf:ident system="http://cyber.mil/legacy">SV-85921</xccdf:ident>
      <xccdf:ident system="http://cyber.mil/legacy">V-71297</xccdf:ident>
      <xccdf:ident system="http://cyber.mil/cci">CCI-001170</xccdf:ident>
      <xccdf:fixtext fixref="F-16722r312206_fix">Set the policy value for Computer Configuration -&gt; Administrative Templates -&gt; Microsoft Office 2016 (Machine) -&gt; Security Settings -&gt; IE Security "Disable user name and password" to "Enabled" and place a check in the 'groove.exe' check box.
</xccdf:fixtext>
      <xccdf:fix id="F-16722r312206_fix"/>
      <xccdf:check system="http://oval.mitre.org/XMLSchema/oval-definitions-5">
            <xccdf:check-content-ref name="oval:navy.navwar.niwcatlantic.scc.ms.onedrive:def:10" href="U_MS_OneDrive_V2R2_STIG_SCAP_1-3_Benchmark-enhancedV3-oval.xml"/>
         <xccdf:check-content>Verify the policy value for Computer Configuration -&gt; Administrative Templates -&gt; Microsoft Office 2016 (Machine) -&gt; Security Settings -&gt; IE Security "Disable user name and password" is set to "Enabled" and 'groove.exe' is checked.

Procedure: Use the Windows Registry Editor to navigate to the following key:
HKLM\Software\Microsoft\Internet Explorer\Main\FeatureControl\FEATURE_HTTP_USERNAME_PASSWORD_DISABLE

Criteria: If the value groove.exe is REG_DWORD = 1, this is not a finding.
</xccdf:check-content>
</xccdf:check>
    </xccdf:Rule>
  </xccdf:Group>
<xccdf:Group id="xccdf_navy.navwar.niwcatlantic.scc_group_V-215530">
    <xccdf:title>SRG-APP-000112</xccdf:title>
    <xccdf:description>&lt;GroupDescription&gt;&lt;/GroupDescription&gt;</xccdf:description>
    <xccdf:Rule id="xccdf_navy.navwar.niwcatlantic.scc_rule_SV-215530r569322_rule" weight="10.0" severity="medium">
      <xccdf:version>DTOO111</xccdf:version>
      <xccdf:title>Enabling IE Bind to Object functionality must be present.
</xccdf:title>
      <xccdf:description>&lt;VulnDiscussion&gt;Internet Explorer performs a number of safety checks before initializing an ActiveX control. It will not initialize a control if the kill bit for the control is set in the registry, or if the security settings for the zone in which the control is located do not allow it to be initialized.
This functionality can be controlled separately for instances of Internet Explorer spawned by Office applications (for example, if a user clicks a link in an Office document or selects a menu option that loads a web page). A security risk could occur if potentially dangerous controls are allowed to load.&lt;/VulnDiscussion&gt;&lt;FalsePositives&gt;&lt;/FalsePositives&gt;&lt;FalseNegatives&gt;&lt;/FalseNegatives&gt;&lt;Documentable&gt;false&lt;/Documentable&gt;&lt;Mitigations&gt;&lt;/Mitigations&gt;&lt;SeverityOverrideGuidance&gt;&lt;/SeverityOverrideGuidance&gt;&lt;PotentialImpacts&gt;&lt;/PotentialImpacts&gt;&lt;ThirdPartyTools&gt;&lt;/ThirdPartyTools&gt;&lt;MitigationControl&gt;&lt;/MitigationControl&gt;&lt;Responsibility&gt;&lt;/Responsibility&gt;&lt;IAControls&gt;&lt;/IAControls&gt;</xccdf:description>
      <xccdf:reference>
        <dc:title>DPMS Target Microsoft OneDrive for Business 2016</dc:title>
        <dc:publisher>DISA</dc:publisher>
        <dc:type>DPMS Target</dc:type>
        <dc:subject>Microsoft OneDrive for Business 2016</dc:subject>
        <dc:identifier>4015</dc:identifier>
      </xccdf:reference>
      <xccdf:ident system="http://cyber.mil/legacy">SV-85925</xccdf:ident>
      <xccdf:ident system="http://cyber.mil/legacy">V-71301</xccdf:ident>
      <xccdf:ident system="http://cyber.mil/cci">CCI-001695</xccdf:ident>
      <xccdf:fixtext fixref="F-16723r312209_fix">Set the policy value for Computer Configuration -&gt; Administrative Templates -&gt; Microsoft Office 2016 (Machine) -&gt; Security Settings -&gt; IE Security "Bind to Object" to "Enabled" and place a check in the 'groove.exe' check box.
</xccdf:fixtext>
      <xccdf:fix id="F-16723r312209_fix"/>
      <xccdf:check system="http://oval.mitre.org/XMLSchema/oval-definitions-5">
            <xccdf:check-content-ref name="oval:navy.navwar.niwcatlantic.scc.ms.onedrive:def:20" href="U_MS_OneDrive_V2R2_STIG_SCAP_1-3_Benchmark-enhancedV3-oval.xml"/>
         <xccdf:check-content>Verify the policy value for Computer Configuration -&gt; Administrative Templates -&gt; Microsoft Office 2016 (Machine) -&gt; Security Settings -&gt; IE Security "Bind to Object"   is set to "Enabled" and 'groove.exe' is checked.

Procedure: Use the Windows Registry Editor to navigate to the following key: 

HKLM\Software\Microsoft\Internet Explorer\Main\FeatureControl\FEATURE_SAFE_BINDTOOBJECT

Criteria: If the value groove.exe is REG_DWORD = 1, this is not a finding.</xccdf:check-content>
</xccdf:check>
    </xccdf:Rule>
  </xccdf:Group>
<xccdf:Group id="xccdf_navy.navwar.niwcatlantic.scc_group_V-215531">
    <xccdf:title>SRG-APP-000210</xccdf:title>
    <xccdf:description>&lt;GroupDescription&gt;&lt;/GroupDescription&gt;</xccdf:description>
    <xccdf:Rule id="xccdf_navy.navwar.niwcatlantic.scc_rule_SV-215531r569322_rule" weight="10.0" severity="medium">
      <xccdf:version>DTOO117</xccdf:version>
      <xccdf:title>Saved from URL mark to assure Internet zone processing must be enforced.
</xccdf:title>
      <xccdf:description>&lt;VulnDiscussion&gt;Typically, when Internet Explorer loads a web page from a Universal Naming Convention (UNC) share that contains a Mark of the Web (MOTW) comment, indicating the page was saved from a site on the Internet, Internet Explorer runs the page in the Internet security zone instead of the less restrictive Local Intranet security zone. This functionality can be controlled separately for instances of Internet Explorer spawned by Office applications (for example, if a user clicks a link in an Office document or selects a menu option that loads a web page). If Internet Explorer does not evaluate the page for a MOTW, potentially dangerous code could be allowed to run.&lt;/VulnDiscussion&gt;&lt;FalsePositives&gt;&lt;/FalsePositives&gt;&lt;FalseNegatives&gt;&lt;/FalseNegatives&gt;&lt;Documentable&gt;false&lt;/Documentable&gt;&lt;Mitigations&gt;&lt;/Mitigations&gt;&lt;SeverityOverrideGuidance&gt;&lt;/SeverityOverrideGuidance&gt;&lt;PotentialImpacts&gt;&lt;/PotentialImpacts&gt;&lt;ThirdPartyTools&gt;&lt;/ThirdPartyTools&gt;&lt;MitigationControl&gt;&lt;/MitigationControl&gt;&lt;Responsibility&gt;&lt;/Responsibility&gt;&lt;IAControls&gt;&lt;/IAControls&gt;</xccdf:description>
      <xccdf:reference>
        <dc:title>DPMS Target Microsoft OneDrive for Business 2016</dc:title>
        <dc:publisher>DISA</dc:publisher>
        <dc:type>DPMS Target</dc:type>
        <dc:subject>Microsoft OneDrive for Business 2016</dc:subject>
        <dc:identifier>4015</dc:identifier>
      </xccdf:reference>
      <xccdf:ident system="http://cyber.mil/legacy">SV-85927</xccdf:ident>
      <xccdf:ident system="http://cyber.mil/legacy">V-71303</xccdf:ident>
      <xccdf:ident system="http://cyber.mil/cci">CCI-001170</xccdf:ident>
      <xccdf:fixtext fixref="F-16724r312212_fix">Set the policy value for Computer Configuration -&gt; Administrative Templates -&gt; Microsoft Office 2016 (Machine) -&gt; Security Settings -&gt; IE Security "Saved from URL" to "Enabled" and place a check in the 'groove.exe' check box.
</xccdf:fixtext>
      <xccdf:fix id="F-16724r312212_fix"/>
      <xccdf:check system="http://oval.mitre.org/XMLSchema/oval-definitions-5">
            <xccdf:check-content-ref name="oval:navy.navwar.niwcatlantic.scc.ms.onedrive:def:30" href="U_MS_OneDrive_V2R2_STIG_SCAP_1-3_Benchmark-enhancedV3-oval.xml"/>
         <xccdf:check-content>Verify the policy value for Computer Configuration -&gt; Administrative Templates -&gt; Microsoft Office 2016 (Machine) -&gt; Security Settings -&gt; IE Security "Saved from URL" is set to "Enabled" and 'groove.exe' is checked.

Procedure: Use the Windows Registry Editor to navigate to the following key: 

HKLM\Software\Microsoft\Internet Explorer\Main\FeatureControl\FEATURE_UNC_SAVEDFILECHECK

Criteria: If the value groove.exe is REG_DWORD = 1, this is not a finding.</xccdf:check-content>
</xccdf:check>
    </xccdf:Rule>
  </xccdf:Group>
<xccdf:Group id="xccdf_navy.navwar.niwcatlantic.scc_group_V-215532">
    <xccdf:title>SRG-APP-000210</xccdf:title>
    <xccdf:description>&lt;GroupDescription&gt;&lt;/GroupDescription&gt;</xccdf:description>
    <xccdf:Rule id="xccdf_navy.navwar.niwcatlantic.scc_rule_SV-215532r569322_rule" weight="10.0" severity="medium">
      <xccdf:version>DTOO123</xccdf:version>
      <xccdf:title>Navigation to URLs embedded in Office products must be blocked.
</xccdf:title>
      <xccdf:description>&lt;VulnDiscussion&gt;To protect users from attacks, Internet Explorer usually does not attempt to load malformed URLs. This functionality can be controlled separately for instances of Internet Explorer spawned by Office applications (for example, if a user clicks a link in an Office document or selects a menu option that loads a web page). If Internet Explorer attempts to load a malformed URL, a security risk could occur.&lt;/VulnDiscussion&gt;&lt;FalsePositives&gt;&lt;/FalsePositives&gt;&lt;FalseNegatives&gt;&lt;/FalseNegatives&gt;&lt;Documentable&gt;false&lt;/Documentable&gt;&lt;Mitigations&gt;&lt;/Mitigations&gt;&lt;SeverityOverrideGuidance&gt;&lt;/SeverityOverrideGuidance&gt;&lt;PotentialImpacts&gt;&lt;/PotentialImpacts&gt;&lt;ThirdPartyTools&gt;&lt;/ThirdPartyTools&gt;&lt;MitigationControl&gt;&lt;/MitigationControl&gt;&lt;Responsibility&gt;&lt;/Responsibility&gt;&lt;IAControls&gt;&lt;/IAControls&gt;</xccdf:description>
      <xccdf:reference>
        <dc:title>DPMS Target Microsoft OneDrive for Business 2016</dc:title>
        <dc:publisher>DISA</dc:publisher>
        <dc:type>DPMS Target</dc:type>
        <dc:subject>Microsoft OneDrive for Business 2016</dc:subject>
        <dc:identifier>4015</dc:identifier>
      </xccdf:reference>
      <xccdf:ident system="http://cyber.mil/legacy">SV-85929</xccdf:ident>
      <xccdf:ident system="http://cyber.mil/legacy">V-71305</xccdf:ident>
      <xccdf:ident system="http://cyber.mil/cci">CCI-001170</xccdf:ident>
      <xccdf:fixtext fixref="F-16725r312215_fix">Set the policy value for Computer Configuration -&gt; Administrative Templates -&gt; Microsoft Office 2016 (Machine) -&gt; Security Settings -&gt; IE Security "Navigate URL" to "Enabled" and place a check in the 'groove.exe' check box.
</xccdf:fixtext>
      <xccdf:fix id="F-16725r312215_fix"/>
      <xccdf:check system="http://oval.mitre.org/XMLSchema/oval-definitions-5">
            <xccdf:check-content-ref name="oval:navy.navwar.niwcatlantic.scc.ms.onedrive:def:40" href="U_MS_OneDrive_V2R2_STIG_SCAP_1-3_Benchmark-enhancedV3-oval.xml"/>
         <xccdf:check-content>Verify the policy value for Computer Configuration -&gt; Administrative Templates -&gt; Microsoft Office 2016 (Machine) -&gt; Security Settings -&gt; IE Security "Navigate URL" is set to "Enabled" and 'groove.exe' is checked.

Procedure: Use the Windows Registry Editor to navigate to the following key: 

HKLM\Software\Microsoft\Internet Explorer\Main\FeatureControl\FEATURE_VALIDATE_NAVIGATE_URL

Criteria: If the value groove.exe is REG_DWORD = 1, this is not a finding.</xccdf:check-content>
</xccdf:check>
    </xccdf:Rule>
  </xccdf:Group>
<xccdf:Group id="xccdf_navy.navwar.niwcatlantic.scc_group_V-215533">
    <xccdf:title>SRG-APP-000112</xccdf:title>
    <xccdf:description>&lt;GroupDescription&gt;&lt;/GroupDescription&gt;</xccdf:description>
    <xccdf:Rule id="xccdf_navy.navwar.niwcatlantic.scc_rule_SV-215533r569322_rule" weight="10.0" severity="medium">
      <xccdf:version>DTOO124</xccdf:version>
      <xccdf:title>Scripted Window Security must be enforced.
</xccdf:title>
      <xccdf:description>&lt;VulnDiscussion&gt;Malicious websites often try to confuse or trick users into giving a site permission to perform an action allowing the site to take control of the users' computers in some manner. Disabling or not configuring this setting allows unknown websites to:
-Create browser windows appearing to be from the local operating system.
-Draw active windows displaying outside of the viewable areas of the screen capturing keyboard input.
-Overlay parent windows with their own browser windows to hide important system information, choices or prompts.&lt;/VulnDiscussion&gt;&lt;FalsePositives&gt;&lt;/FalsePositives&gt;&lt;FalseNegatives&gt;&lt;/FalseNegatives&gt;&lt;Documentable&gt;false&lt;/Documentable&gt;&lt;Mitigations&gt;&lt;/Mitigations&gt;&lt;SeverityOverrideGuidance&gt;&lt;/SeverityOverrideGuidance&gt;&lt;PotentialImpacts&gt;&lt;/PotentialImpacts&gt;&lt;ThirdPartyTools&gt;&lt;/ThirdPartyTools&gt;&lt;MitigationControl&gt;&lt;/MitigationControl&gt;&lt;Responsibility&gt;&lt;/Responsibility&gt;&lt;IAControls&gt;&lt;/IAControls&gt;</xccdf:description>
      <xccdf:reference>
        <dc:title>DPMS Target Microsoft OneDrive for Business 2016</dc:title>
        <dc:publisher>DISA</dc:publisher>
        <dc:type>DPMS Target</dc:type>
        <dc:subject>Microsoft OneDrive for Business 2016</dc:subject>
        <dc:identifier>4015</dc:identifier>
      </xccdf:reference>
      <xccdf:ident system="http://cyber.mil/legacy">SV-85933</xccdf:ident>
      <xccdf:ident system="http://cyber.mil/legacy">V-71309</xccdf:ident>
      <xccdf:ident system="http://cyber.mil/cci">CCI-001695</xccdf:ident>
      <xccdf:fixtext fixref="F-16726r312218_fix">Set the policy value for Computer Configuration -&gt; Administrative Templates -&gt; Microsoft Office 2016 (Machine) -&gt; Security Settings -&gt; IE Security "Scripted Window Security Restrictions" to "Enabled" and place a check in the 'groove.exe' check box.
</xccdf:fixtext>
      <xccdf:fix id="F-16726r312218_fix"/>
      <xccdf:check system="http://oval.mitre.org/XMLSchema/oval-definitions-5">
            <xccdf:check-content-ref name="oval:navy.navwar.niwcatlantic.scc.ms.onedrive:def:50" href="U_MS_OneDrive_V2R2_STIG_SCAP_1-3_Benchmark-enhancedV3-oval.xml"/>
         <xccdf:check-content>Verify the policy value for Computer Configuration -&gt; Administrative Templates -&gt; Microsoft Office 2016 (Machine) -&gt; Security Settings -&gt; IE Security "Scripted Window Security Restrictions" is set to "Enabled" and 'groove.exe' is checked.

Procedure: Use the Windows Registry Editor to navigate to the following key: 

HKLM\Software\Microsoft\Internet Explorer\Main\FeatureControl\FEATURE_WINDOW_RESTRICTIONS

Criteria: If the value groove.exe is REG_DWORD = 1, this is not a finding.</xccdf:check-content>
</xccdf:check>
    </xccdf:Rule>
  </xccdf:Group>
<xccdf:Group id="xccdf_navy.navwar.niwcatlantic.scc_group_V-215534">
    <xccdf:title>SRG-APP-000207</xccdf:title>
    <xccdf:description>&lt;GroupDescription&gt;&lt;/GroupDescription&gt;</xccdf:description>
    <xccdf:Rule id="xccdf_navy.navwar.niwcatlantic.scc_rule_SV-215534r569322_rule" weight="10.0" severity="medium">
      <xccdf:version>DTOO126</xccdf:version>
      <xccdf:title>Add-on Management functionality must be allowed.
</xccdf:title>
      <xccdf:description>&lt;VulnDiscussion&gt;Internet Explorer add-ons are pieces of code, run in Internet Explorer, to provide additional functionality. Rogue add-ons may contain viruses or other malicious code. Disabling or not configuring this setting could allow malicious code or users to become active on user computers or the network. For example, a malicious user can monitor and then use keystrokes users type into Internet Explorer. Even legitimate add-ons may demand resources, compromising the performance of Internet Explorer, and the operating systems for user computers.&lt;/VulnDiscussion&gt;&lt;FalsePositives&gt;&lt;/FalsePositives&gt;&lt;FalseNegatives&gt;&lt;/FalseNegatives&gt;&lt;Documentable&gt;false&lt;/Documentable&gt;&lt;Mitigations&gt;&lt;/Mitigations&gt;&lt;SeverityOverrideGuidance&gt;&lt;/SeverityOverrideGuidance&gt;&lt;PotentialImpacts&gt;&lt;/PotentialImpacts&gt;&lt;ThirdPartyTools&gt;&lt;/ThirdPartyTools&gt;&lt;MitigationControl&gt;&lt;/MitigationControl&gt;&lt;Responsibility&gt;&lt;/Responsibility&gt;&lt;IAControls&gt;&lt;/IAControls&gt;</xccdf:description>
      <xccdf:reference>
        <dc:title>DPMS Target Microsoft OneDrive for Business 2016</dc:title>
        <dc:publisher>DISA</dc:publisher>
        <dc:type>DPMS Target</dc:type>
        <dc:subject>Microsoft OneDrive for Business 2016</dc:subject>
        <dc:identifier>4015</dc:identifier>
      </xccdf:reference>
      <xccdf:ident system="http://cyber.mil/legacy">SV-85935</xccdf:ident>
      <xccdf:ident system="http://cyber.mil/legacy">V-71311</xccdf:ident>
      <xccdf:ident system="http://cyber.mil/cci">CCI-001662</xccdf:ident>
      <xccdf:fixtext fixref="F-16727r312221_fix">Set the policy value for Computer Configuration -&gt; Administrative Templates -&gt; Microsoft Office 2016 (Machine) -&gt; Security Settings -&gt; IE Security "Add-on Management" to "Enabled" and place a check in the 'groove.exe' check box.
</xccdf:fixtext>
      <xccdf:fix id="F-16727r312221_fix"/>
      <xccdf:check system="http://oval.mitre.org/XMLSchema/oval-definitions-5">
            <xccdf:check-content-ref name="oval:navy.navwar.niwcatlantic.scc.ms.onedrive:def:60" href="U_MS_OneDrive_V2R2_STIG_SCAP_1-3_Benchmark-enhancedV3-oval.xml"/>
         <xccdf:check-content>Verify the policy value for Computer Configuration -&gt; Administrative Templates -&gt; Microsoft Office 2016 (Machine) -&gt; Security Settings -&gt; IE Security "Add-on Management" is set to "Enabled" and 'groove.exe' is checked.

Procedure: Use the Windows Registry Editor to navigate to the following key: 

HKLM\Software\Microsoft\Internet Explorer\Main\FeatureControl\FEATURE_ADDON_MANAGEMENT

Criteria: If the value groove.exe is REG_DWORD = 1, this is not a finding.</xccdf:check-content>
</xccdf:check>
    </xccdf:Rule>
  </xccdf:Group>
<xccdf:Group id="xccdf_navy.navwar.niwcatlantic.scc_group_V-215535">
    <xccdf:title>SRG-APP-000207</xccdf:title>
    <xccdf:description>&lt;GroupDescription&gt;&lt;/GroupDescription&gt;</xccdf:description>
    <xccdf:Rule id="xccdf_navy.navwar.niwcatlantic.scc_rule_SV-215535r569322_rule" weight="10.0" severity="medium">
      <xccdf:version>DTOO129</xccdf:version>
      <xccdf:title>Links that invoke instances of Internet Explorer from within an Office product must be blocked.
</xccdf:title>
      <xccdf:description>&lt;VulnDiscussion&gt;The Pop-up Blocker feature in Internet Explorer can be used to block most unwanted pop-up and pop-under windows from appearing. This functionality can be controlled separately for instances of Internet Explorer spawned by Office applications (for example, if a user clicks a link in an Office document or selects a menu option that loads a web page). If the Pop-up Blocker is disabled, disruptive and potentially dangerous pop-up windows could load and present a security risk.&lt;/VulnDiscussion&gt;&lt;FalsePositives&gt;&lt;/FalsePositives&gt;&lt;FalseNegatives&gt;&lt;/FalseNegatives&gt;&lt;Documentable&gt;false&lt;/Documentable&gt;&lt;Mitigations&gt;&lt;/Mitigations&gt;&lt;SeverityOverrideGuidance&gt;&lt;/SeverityOverrideGuidance&gt;&lt;PotentialImpacts&gt;&lt;/PotentialImpacts&gt;&lt;ThirdPartyTools&gt;&lt;/ThirdPartyTools&gt;&lt;MitigationControl&gt;&lt;/MitigationControl&gt;&lt;Responsibility&gt;&lt;/Responsibility&gt;&lt;IAControls&gt;&lt;/IAControls&gt;</xccdf:description>
      <xccdf:reference>
        <dc:title>DPMS Target Microsoft OneDrive for Business 2016</dc:title>
        <dc:publisher>DISA</dc:publisher>
        <dc:type>DPMS Target</dc:type>
        <dc:subject>Microsoft OneDrive for Business 2016</dc:subject>
        <dc:identifier>4015</dc:identifier>
      </xccdf:reference>
      <xccdf:ident system="http://cyber.mil/legacy">SV-85937</xccdf:ident>
      <xccdf:ident system="http://cyber.mil/legacy">V-71313</xccdf:ident>
      <xccdf:ident system="http://cyber.mil/cci">CCI-001662</xccdf:ident>
      <xccdf:fixtext fixref="F-16728r312224_fix">Set the policy value for Computer Configuration -&gt; Administrative Templates -&gt; Microsoft Office 2016 (Machine) -&gt; Security Settings -&gt; IE Security "Block popups" to "Enabled" and place a check in the 'groove.exe' check box.
</xccdf:fixtext>
      <xccdf:fix id="F-16728r312224_fix"/>
      <xccdf:check system="http://oval.mitre.org/XMLSchema/oval-definitions-5">
            <xccdf:check-content-ref name="oval:navy.navwar.niwcatlantic.scc.ms.onedrive:def:70" href="U_MS_OneDrive_V2R2_STIG_SCAP_1-3_Benchmark-enhancedV3-oval.xml"/>
         <xccdf:check-content>Verify the policy value for Computer Configuration -&gt; Administrative Templates -&gt; Microsoft Office 2016 (Machine) -&gt; Security Settings -&gt; IE Security "Block popups" is set to "Enabled" and 'groove.exe' is checked.

Procedure: Use the Windows Registry Editor to navigate to the following key: 

HKLM\Software\Microsoft\Internet Explorer\Main\FeatureControl\FEATURE_WEBOC_POPUPMANAGEMENT

Criteria: If the value groove.exe is REG_DWORD = 1, this is not a finding.</xccdf:check-content>
</xccdf:check>
    </xccdf:Rule>
  </xccdf:Group>
<xccdf:Group id="xccdf_navy.navwar.niwcatlantic.scc_group_V-215536">
    <xccdf:title>SRG-APP-000209</xccdf:title>
    <xccdf:description>&lt;GroupDescription&gt;&lt;/GroupDescription&gt;</xccdf:description>
    <xccdf:Rule id="xccdf_navy.navwar.niwcatlantic.scc_rule_SV-215536r569322_rule" weight="10.0" severity="medium">
      <xccdf:version>DTOO132</xccdf:version>
      <xccdf:title>File Downloads must be configured for proper restrictions.
</xccdf:title>
      <xccdf:description>&lt;VulnDiscussion&gt;Disabling this setting allows websites to present file download prompts via code without the user specifically initiating the download. User preferences may also allow the download to occur without prompting or interaction with the user. Even if Internet Explorer prompts the user to accept the download, some websites abuse this functionality. Malicious websites may continually prompt users to download a file or present confusing dialog boxes to trick users into downloading or running a file. If the download occurs and it contains malicious code, the code could become active on user computers or the network.&lt;/VulnDiscussion&gt;&lt;FalsePositives&gt;&lt;/FalsePositives&gt;&lt;FalseNegatives&gt;&lt;/FalseNegatives&gt;&lt;Documentable&gt;false&lt;/Documentable&gt;&lt;Mitigations&gt;&lt;/Mitigations&gt;&lt;SeverityOverrideGuidance&gt;&lt;/SeverityOverrideGuidance&gt;&lt;PotentialImpacts&gt;&lt;/PotentialImpacts&gt;&lt;ThirdPartyTools&gt;&lt;/ThirdPartyTools&gt;&lt;MitigationControl&gt;&lt;/MitigationControl&gt;&lt;Responsibility&gt;&lt;/Responsibility&gt;&lt;IAControls&gt;&lt;/IAControls&gt;</xccdf:description>
      <xccdf:reference>
        <dc:title>DPMS Target Microsoft OneDrive for Business 2016</dc:title>
        <dc:publisher>DISA</dc:publisher>
        <dc:type>DPMS Target</dc:type>
        <dc:subject>Microsoft OneDrive for Business 2016</dc:subject>
        <dc:identifier>4015</dc:identifier>
      </xccdf:reference>
      <xccdf:ident system="http://cyber.mil/legacy">SV-85941</xccdf:ident>
      <xccdf:ident system="http://cyber.mil/legacy">V-71317</xccdf:ident>
      <xccdf:ident system="http://cyber.mil/cci">CCI-001169</xccdf:ident>
      <xccdf:fixtext fixref="F-16729r312227_fix">Set the policy value for Computer Configuration -&gt; Administrative Templates -&gt; Microsoft Office 2016 (Machine) -&gt; Security Settings -&gt; IE Security "Restrict File Download" to "Enabled" and place a check in the 'groove.exe' check box.</xccdf:fixtext>
      <xccdf:fix id="F-16729r312227_fix"/>
      <xccdf:check system="http://oval.mitre.org/XMLSchema/oval-definitions-5">
            <xccdf:check-content-ref name="oval:navy.navwar.niwcatlantic.scc.ms.onedrive:def:80" href="U_MS_OneDrive_V2R2_STIG_SCAP_1-3_Benchmark-enhancedV3-oval.xml"/>
         <xccdf:check-content>Verify the policy value for Computer Configuration -&gt; Administrative Templates -&gt; Microsoft Office 2016 (Machine) -&gt; Security Settings -&gt; IE Security "Restrict File Download" is set to "Enabled" and 'groove.exe' is checked.

Procedure: Use the Windows Registry Editor to navigate to the following key: 

HKLM\Software\Microsoft\Internet Explorer\Main\FeatureControl\FEATURE_RESTRICT_FILEDOWNLOAD

Criteria: If the value of groove.exe is REG_DWORD = 1, this is not a finding.
</xccdf:check-content>
</xccdf:check>
    </xccdf:Rule>
  </xccdf:Group>
<xccdf:Group id="xccdf_navy.navwar.niwcatlantic.scc_group_V-215537">
    <xccdf:title>SRG-APP-000112</xccdf:title>
    <xccdf:description>&lt;GroupDescription&gt;&lt;/GroupDescription&gt;</xccdf:description>
    <xccdf:Rule id="xccdf_navy.navwar.niwcatlantic.scc_rule_SV-215537r569322_rule" weight="10.0" severity="medium">
      <xccdf:version>DTOO209</xccdf:version>
      <xccdf:title>Protection from zone elevation must be enforced.
</xccdf:title>
      <xccdf:description>&lt;VulnDiscussion&gt;Internet Explorer places restrictions on each web page users can use the browser to open. Web pages on a user's local computer have the fewest security restrictions and reside in the Local Machine zone, making this security zone a prime target for malicious users and code. Disabling or not configuring this setting could allow pages in the Internet zone to navigate to pages in the Local Machine zone to then run code to elevate privileges. This could allow malicious code or users to become active on user computers or the network.&lt;/VulnDiscussion&gt;&lt;FalsePositives&gt;&lt;/FalsePositives&gt;&lt;FalseNegatives&gt;&lt;/FalseNegatives&gt;&lt;Documentable&gt;false&lt;/Documentable&gt;&lt;Mitigations&gt;&lt;/Mitigations&gt;&lt;SeverityOverrideGuidance&gt;&lt;/SeverityOverrideGuidance&gt;&lt;PotentialImpacts&gt;&lt;/PotentialImpacts&gt;&lt;ThirdPartyTools&gt;&lt;/ThirdPartyTools&gt;&lt;MitigationControl&gt;&lt;/MitigationControl&gt;&lt;Responsibility&gt;&lt;/Responsibility&gt;&lt;IAControls&gt;&lt;/IAControls&gt;</xccdf:description>
      <xccdf:reference>
        <dc:title>DPMS Target Microsoft OneDrive for Business 2016</dc:title>
        <dc:publisher>DISA</dc:publisher>
        <dc:type>DPMS Target</dc:type>
        <dc:subject>Microsoft OneDrive for Business 2016</dc:subject>
        <dc:identifier>4015</dc:identifier>
      </xccdf:reference>
      <xccdf:ident system="http://cyber.mil/legacy">SV-85943</xccdf:ident>
      <xccdf:ident system="http://cyber.mil/legacy">V-71319</xccdf:ident>
      <xccdf:ident system="http://cyber.mil/cci">CCI-001695</xccdf:ident>
      <xccdf:fixtext fixref="F-16730r312230_fix">Set the policy value for Computer Configuration -&gt; Administrative Templates -&gt; Microsoft Office 2016 (Machine) -&gt; Security Settings -&gt; IE Security "Protection From Zone Elevation" to "Enabled" and place a check in the 'groove.exe' check box.
</xccdf:fixtext>
      <xccdf:fix id="F-16730r312230_fix"/>
      <xccdf:check system="http://oval.mitre.org/XMLSchema/oval-definitions-5">
            <xccdf:check-content-ref name="oval:navy.navwar.niwcatlantic.scc.ms.onedrive:def:90" href="U_MS_OneDrive_V2R2_STIG_SCAP_1-3_Benchmark-enhancedV3-oval.xml"/>
         <xccdf:check-content>Verify the policy value for Computer Configuration -&gt; Administrative Templates -&gt; Microsoft Office 2016 (Machine) -&gt; Security Settings -&gt; IE Security "Protection From Zone Elevation" is set to "Enabled" and 'groove.exe' is checked.

Procedure: Use the Windows Registry Editor to navigate to the following key: 

HKLM\Software\Microsoft\Internet Explorer\Main\FeatureControl\FEATURE_ZONE_ELEVATION

Criteria: If the value groove.exe is REG_DWORD = 1, this is not a finding.</xccdf:check-content>
</xccdf:check>
    </xccdf:Rule>
  </xccdf:Group>
<xccdf:Group id="xccdf_navy.navwar.niwcatlantic.scc_group_V-215538">
    <xccdf:title>SRG-APP-000488</xccdf:title>
    <xccdf:description>&lt;GroupDescription&gt;&lt;/GroupDescription&gt;</xccdf:description>
    <xccdf:Rule id="xccdf_navy.navwar.niwcatlantic.scc_rule_SV-215538r569322_rule" weight="10.0" severity="medium">
      <xccdf:version>DTOO211</xccdf:version>
      <xccdf:title>ActiveX Installs must be configured for proper restriction.
</xccdf:title>
      <xccdf:description>&lt;VulnDiscussion&gt;Microsoft ActiveX controls allow unmanaged, unprotected code to run on the user computers. ActiveX controls do not run within a protected container in the browser like the other types of HTML or Microsoft Silverlight-based controls. Disabling or not configuring this setting does not block prompts for ActiveX control installations, and these prompts display to users. This could allow malicious code to become active on user computers or the network.&lt;/VulnDiscussion&gt;&lt;FalsePositives&gt;&lt;/FalsePositives&gt;&lt;FalseNegatives&gt;&lt;/FalseNegatives&gt;&lt;Documentable&gt;false&lt;/Documentable&gt;&lt;Mitigations&gt;&lt;/Mitigations&gt;&lt;SeverityOverrideGuidance&gt;&lt;/SeverityOverrideGuidance&gt;&lt;PotentialImpacts&gt;&lt;/PotentialImpacts&gt;&lt;ThirdPartyTools&gt;&lt;/ThirdPartyTools&gt;&lt;MitigationControl&gt;&lt;/MitigationControl&gt;&lt;Responsibility&gt;&lt;/Responsibility&gt;&lt;IAControls&gt;&lt;/IAControls&gt;</xccdf:description>
      <xccdf:reference>
        <dc:title>DPMS Target Microsoft OneDrive for Business 2016</dc:title>
        <dc:publisher>DISA</dc:publisher>
        <dc:type>DPMS Target</dc:type>
        <dc:subject>Microsoft OneDrive for Business 2016</dc:subject>
        <dc:identifier>4015</dc:identifier>
      </xccdf:reference>
      <xccdf:ident system="http://cyber.mil/legacy">SV-85945</xccdf:ident>
      <xccdf:ident system="http://cyber.mil/legacy">V-71321</xccdf:ident>
      <xccdf:ident system="http://cyber.mil/cci">CCI-002460</xccdf:ident>
      <xccdf:fixtext fixref="F-16731r312233_fix">Set the policy value for Computer Configuration -&gt; Administrative Templates -&gt; Microsoft Office 2016 (Machine) -&gt; Security Settings -&gt; IE Security "Restrict ActiveX Install" to "Enabled" and place a check in the 'groove.exe' check box.</xccdf:fixtext>
      <xccdf:fix id="F-16731r312233_fix"/>
      <xccdf:check system="http://oval.mitre.org/XMLSchema/oval-definitions-5">
            <xccdf:check-content-ref name="oval:navy.navwar.niwcatlantic.scc.ms.onedrive:def:100" href="U_MS_OneDrive_V2R2_STIG_SCAP_1-3_Benchmark-enhancedV3-oval.xml"/>
         <xccdf:check-content>Verify the policy value for Computer Configuration -&gt; Administrative Templates -&gt; Microsoft Office 2016 (Machine) -&gt; Security Settings -&gt; IE Security "Restrict ActiveX Install" is set to "Enabled" and 'groove.exe' is checked.

Procedure: Use the Windows Registry Editor to navigate to the following key: 

HKLM\Software\Microsoft\Internet Explorer\Main\FeatureControl\FEATURE_RESTRICT_ACTIVEXINSTALL

Criteria: If the value groove.exe is REG_DWORD = 1, this is not a finding.</xccdf:check-content>
</xccdf:check>
    </xccdf:Rule>
  </xccdf:Group>
<xccdf:Group id="xccdf_navy.navwar.niwcatlantic.scc_group_V-230562">
    <xccdf:title>SRG-APP-000516</xccdf:title>
    <xccdf:description>&lt;GroupDescription&gt;&lt;/GroupDescription&gt;</xccdf:description>
    <xccdf:Rule id="xccdf_navy.navwar.niwcatlantic.scc_rule_SV-230562r569322_rule" weight="10.0" severity="medium">
      <xccdf:version>DTOO605</xccdf:version>
      <xccdf:title>OneDrive must only allow synchronizing of accounts for DoD organization instances.</xccdf:title>
      <xccdf:description>&lt;VulnDiscussion&gt;OneDrive provides access to external services for data storage, which must be restricted to authorized instances if enabled. Configuring this setting will restrict synchronizing of OneDrive accounts to DoD organization instances.&lt;/VulnDiscussion&gt;&lt;FalsePositives&gt;&lt;/FalsePositives&gt;&lt;FalseNegatives&gt;&lt;/FalseNegatives&gt;&lt;Documentable&gt;false&lt;/Documentable&gt;&lt;Mitigations&gt;&lt;/Mitigations&gt;&lt;SeverityOverrideGuidance&gt;&lt;/SeverityOverrideGuidance&gt;&lt;PotentialImpacts&gt;&lt;/PotentialImpacts&gt;&lt;ThirdPartyTools&gt;&lt;/ThirdPartyTools&gt;&lt;MitigationControl&gt;&lt;/MitigationControl&gt;&lt;Responsibility&gt;&lt;/Responsibility&gt;&lt;IAControls&gt;&lt;/IAControls&gt;</xccdf:description>
      <xccdf:reference>
        <dc:title>DPMS Target Microsoft OneDrive for Business 2016</dc:title>
        <dc:publisher>DISA</dc:publisher>
        <dc:type>DPMS Target</dc:type>
        <dc:subject>Microsoft OneDrive for Business 2016</dc:subject>
        <dc:identifier>4015</dc:identifier>
      </xccdf:reference>
      <xccdf:ident system="http://cyber.mil/legacy">SV-98853</xccdf:ident>
      <xccdf:ident system="http://cyber.mil/legacy">V-88203</xccdf:ident>
      <xccdf:ident system="http://cyber.mil/cci">CCI-000366</xccdf:ident>
      <xccdf:fixtext fixref="F-33206r603118_fix">Configure the policy value for Computer Configuration &gt;&gt; Administrative Templates &gt;&gt; OneDrive &gt;&gt; "Allow syncing OneDrive accounts for only specific organizations", with the Tenant GUID of the organization's DoD instance in the format 1111-2222-3333-4444.

If the organization does not have an instance of OneDrive, configure the Tenant GUID with "1111-2222-3333-4444".

Group policy files for OneDrive are located on a system with OneDrive in "%localappdata%\Microsoft\OneDrive\BuildNumber\adm\".

Copy the OneDrive.admx and .adml files to the \Windows\PolicyDefinitions and \Windows\PolicyDefinitions\en-US directories respectively.</xccdf:fixtext>
      <xccdf:fix id="F-33206r603118_fix"/>
      <xccdf:check system="http://scap.nist.gov/schema/ocil/2">
        <xccdf:check-content-ref href="U_MS_OneDrive_V2R2_STIG_SCAP_1-3_Benchmark-enhancedV3-ocil.xml" name="ocil:navy.navwar.niwcatlantic.scc.ms.onedrive:questionnaire:201"/>
        <xccdf:check-content>If the organization is using a DoD instance of OneDrive, verify synchronizing is only allowed to the organization's DoD instance.

If the organization does not have an instance of OneDrive, verify this is configured with the noted dummy entry to prevent synchronizing with other instances.

If the following registry value does not exist or is not configured as specified, this is a finding.

Registry Hive: HKEY_LOCAL_MACHINE
Registry Path: \SOFTWARE\Policies\Microsoft\OneDrive\AllowTenantList\

Value Name: Organization's Tenant GUID

Value Type: REG_SZ
Value: Organization's Tenant GUID

If the organization does not have an instance of OneDrive, the Value Name and Value must be 1111-2222-3333-4444.

If it is not, this is a finding.</xccdf:check-content>
      </xccdf:check>
    </xccdf:Rule>
  </xccdf:Group>
<xccdf:Group id="xccdf_navy.navwar.niwcatlantic.scc_group_V-230564">
    <xccdf:title>SRG-APP-000141</xccdf:title>
    <xccdf:description>&lt;GroupDescription&gt;&lt;/GroupDescription&gt;</xccdf:description>
    <xccdf:Rule id="xccdf_navy.navwar.niwcatlantic.scc_rule_SV-230564r569322_rule" weight="10.0" severity="medium">
      <xccdf:version>DTOO607</xccdf:version>
      <xccdf:title>The use of personal accounts for OneDrive synchronization must be disabled.</xccdf:title>
      <xccdf:description>&lt;VulnDiscussion&gt;OneDrive provides access to external services for data storage, which must be restricted to authorized instances. Enabling this setting will prevent the use of personal OneDrive accounts for synchronization.&lt;/VulnDiscussion&gt;&lt;FalsePositives&gt;&lt;/FalsePositives&gt;&lt;FalseNegatives&gt;&lt;/FalseNegatives&gt;&lt;Documentable&gt;false&lt;/Documentable&gt;&lt;Mitigations&gt;&lt;/Mitigations&gt;&lt;SeverityOverrideGuidance&gt;&lt;/SeverityOverrideGuidance&gt;&lt;PotentialImpacts&gt;&lt;/PotentialImpacts&gt;&lt;ThirdPartyTools&gt;&lt;/ThirdPartyTools&gt;&lt;MitigationControl&gt;&lt;/MitigationControl&gt;&lt;Responsibility&gt;&lt;/Responsibility&gt;&lt;IAControls&gt;&lt;/IAControls&gt;</xccdf:description>
      <xccdf:reference>
        <dc:title>DPMS Target Microsoft OneDrive for Business 2016</dc:title>
        <dc:publisher>DISA</dc:publisher>
        <dc:type>DPMS Target</dc:type>
        <dc:subject>Microsoft OneDrive for Business 2016</dc:subject>
        <dc:identifier>4015</dc:identifier>
      </xccdf:reference>
      <xccdf:ident system="http://cyber.mil/legacy">V-82137</xccdf:ident>
      <xccdf:ident system="http://cyber.mil/legacy">SV-96851</xccdf:ident>
      <xccdf:ident system="http://cyber.mil/cci">CCI-000381</xccdf:ident>
      <xccdf:fixtext fixref="F-33208r603124_fix">Configure the policy value for User Configuration &gt;&gt; Administrative Templates &gt;&gt; OneDrive &gt;&gt; "Prevent users from synchronizing personal OneDrive accounts" to "Enabled".   

Group policy files for OneDrive are located on a system with OneDrive in "%localappdata%\Microsoft\OneDrive\BuildNumber\adm\".

Copy the OneDrive.admx and .adml files to the \Windows\PolicyDefinitions and \Windows\PolicyDefinitions\en-US directories respectively.</xccdf:fixtext>
      <xccdf:fix id="F-33208r603124_fix"/>
      <xccdf:check system="http://oval.mitre.org/XMLSchema/oval-definitions-5">
            <xccdf:check-content-ref name="oval:navy.navwar.niwcatlantic.scc.ms.onedrive:def:120" href="U_MS_OneDrive_V2R2_STIG_SCAP_1-3_Benchmark-enhancedV3-oval.xml"/>
         <xccdf:check-content>If the following registry value does not exist or is not configured as specified, this is a finding.

Registry Hive: HKEY_CURRENT_USER
Registry Path: \Software\Policies\Microsoft\OneDrive\

Value Name: DisablePersonalSync

Value Type: REG_DWORD
Value: 0x00000001 (1)</xccdf:check-content>
</xccdf:check>
    </xccdf:Rule>
  </xccdf:Group>
</xccdf:Benchmark>
	</component>
	<component id="scap_navy.navwar.niwcatlantic.scc_comp_U_MS_OneDrive_V2R2_STIG_SCAP_1-3_Benchmark-enhancedV3-oval.xml" timestamp="2023-01-10T09:31:08">
		<oval_definitions xmlns="http://oval.mitre.org/XMLSchema/oval-definitions-5"
                  xmlns:oval="http://oval.mitre.org/XMLSchema/oval-common-5"
                  xmlns:oval-def="http://oval.mitre.org/XMLSchema/oval-definitions-5"
                  xmlns:independent-def="http://oval.mitre.org/XMLSchema/oval-definitions-5#independent"
                  xmlns:windows-def="http://oval.mitre.org/XMLSchema/oval-definitions-5#windows"
                  xmlns:xsi="http://www.w3.org/2001/XMLSchema-instance"
                  xsi:schemaLocation="http://oval.mitre.org/XMLSchema/oval-definitions-5#independent https://raw.githubusercontent.com/OVALProject/Language/5.11.2/schemas/independent-definitions-schema.xsd http://oval.mitre.org/XMLSchema/oval-definitions-5 https://raw.githubusercontent.com/OVALProject/Language/5.11.2/schemas/oval-definitions-schema.xsd http://oval.mitre.org/XMLSchema/oval-common-5 https://raw.githubusercontent.com/OVALProject/Language/5.11.2/schemas/oval-common-schema.xsd http://oval.mitre.org/XMLSchema/oval-definitions-5#windows https://raw.githubusercontent.com/OVALProject/Language/5.11.2/schemas/windows-definitions-schema.xsd">
   <generator>
      <oval:schema_version>5.11.2</oval:schema_version>
      <oval:timestamp>2023-01-07T16:15:00-04:00</oval:timestamp>
   </generator>
   <definitions>
      <definition id="oval:navy.navwar.niwcatlantic.scc.ms.onedrive:def:10"
                  version="1"
                  class="compliance">
         <metadata>
            <title>SRG-APP-000210</title>
            <description>Disabling of user name and password syntax from being used in URLs must be enforced.
</description>
            <affected family="windows">
               <product>MS OneDrive</product>
            </affected>
            <reference source="DISA" ref_id="V-215529" ref_url="http://iase.disa.mil"/>
            <reference source="CCI"
                       ref_id="SV-85921 V-71297 CCI-001170"
                       ref_url="http://iase.disa.mil/cci"/>
         </metadata>
         <criteria operator="AND">
            <criterion test_ref="oval:navy.navwar.niwcatlantic.scc.ms.onedrive:tst:10"
                       comment="Verify the policy value for Computer Configuration -> Administrative Templates -> Microsoft Office 2016 (Machine) -> Security Settings -> IE Security 'Disable user name and password' is set to 'Enabled' and 'groove.exe' is checked.

Procedure: Use the Windows Registry Editor to navigate to the following key:
HKLM\Software\Microsoft\Internet Explorer\Main\FeatureControl\FEATURE_HTTP_USERNAME_PASSWORD_DISABLE

Criteria: If the value groove.exe is REG_DWORD = 1, this is not a finding.
"/>
         </criteria>
      </definition>
      <definition id="oval:navy.navwar.niwcatlantic.scc.ms.onedrive:def:20"
                  version="1"
                  class="compliance">
         <metadata>
            <title>SRG-APP-000112</title>
            <description>Enabling IE Bind to Object functionality must be present.
</description>
            <affected family="windows">
               <product>MS OneDrive</product>
            </affected>
            <reference source="DISA" ref_id="V-215530" ref_url="http://iase.disa.mil"/>
            <reference source="CCI"
                       ref_id="SV-85925 V-71301 CCI-001695"
                       ref_url="http://iase.disa.mil/cci"/>
         </metadata>
         <criteria operator="AND">
            <criterion test_ref="oval:navy.navwar.niwcatlantic.scc.ms.onedrive:tst:20"
                       comment="Verify the policy value for Computer Configuration -> Administrative Templates -> Microsoft Office 2016 (Machine) -> Security Settings -> IE Security 'Bind to Object'   is set to 'Enabled' and 'groove.exe' is checked.

Procedure: Use the Windows Registry Editor to navigate to the following key: 

HKLM\Software\Microsoft\Internet Explorer\Main\FeatureControl\FEATURE_SAFE_BINDTOOBJECT

Criteria: If the value groove.exe is REG_DWORD = 1, this is not a finding."/>
         </criteria>
      </definition>
      <definition id="oval:navy.navwar.niwcatlantic.scc.ms.onedrive:def:30"
                  version="1"
                  class="compliance">
         <metadata>
            <title>SRG-APP-000210</title>
            <description>Saved from URL mark to assure Internet zone processing must be enforced.
</description>
            <affected family="windows">
               <product>MS OneDrive</product>
            </affected>
            <reference source="DISA" ref_id="V-215531" ref_url="http://iase.disa.mil"/>
            <reference source="CCI"
                       ref_id="SV-85927 V-71303 CCI-001170"
                       ref_url="http://iase.disa.mil/cci"/>
         </metadata>
         <criteria operator="AND">
            <criterion test_ref="oval:navy.navwar.niwcatlantic.scc.ms.onedrive:tst:30"
                       comment="Verify the policy value for Computer Configuration -> Administrative Templates -> Microsoft Office 2016 (Machine) -> Security Settings -> IE Security 'Saved from URL' is set to 'Enabled' and 'groove.exe' is checked.

Procedure: Use the Windows Registry Editor to navigate to the following key: 

HKLM\Software\Microsoft\Internet Explorer\Main\FeatureControl\FEATURE_UNC_SAVEDFILECHECK

Criteria: If the value groove.exe is REG_DWORD = 1, this is not a finding."/>
         </criteria>
      </definition>
      <definition id="oval:navy.navwar.niwcatlantic.scc.ms.onedrive:def:40"
                  version="1"
                  class="compliance">
         <metadata>
            <title>SRG-APP-000210</title>
            <description>Navigation to URLs embedded in Office products must be blocked.
</description>
            <affected family="windows">
               <product>MS OneDrive</product>
            </affected>
            <reference source="DISA" ref_id="V-215532" ref_url="http://iase.disa.mil"/>
            <reference source="CCI"
                       ref_id="SV-85929 V-71305 CCI-001170"
                       ref_url="http://iase.disa.mil/cci"/>
         </metadata>
         <criteria operator="AND">
            <criterion test_ref="oval:navy.navwar.niwcatlantic.scc.ms.onedrive:tst:40"
                       comment="Verify the policy value for Computer Configuration -> Administrative Templates -> Microsoft Office 2016 (Machine) -> Security Settings -> IE Security 'Navigate URL' is set to 'Enabled' and 'groove.exe' is checked.

Procedure: Use the Windows Registry Editor to navigate to the following key: 

HKLM\Software\Microsoft\Internet Explorer\Main\FeatureControl\FEATURE_VALIDATE_NAVIGATE_URL

Criteria: If the value groove.exe is REG_DWORD = 1, this is not a finding."/>
         </criteria>
      </definition>
      <definition id="oval:navy.navwar.niwcatlantic.scc.ms.onedrive:def:50"
                  version="1"
                  class="compliance">
         <metadata>
            <title>SRG-APP-000112</title>
            <description>Scripted Window Security must be enforced.
</description>
            <affected family="windows">
               <product>MS OneDrive</product>
            </affected>
            <reference source="DISA" ref_id="V-215533" ref_url="http://iase.disa.mil"/>
            <reference source="CCI"
                       ref_id="SV-85933 V-71309 CCI-001695"
                       ref_url="http://iase.disa.mil/cci"/>
         </metadata>
         <criteria operator="AND">
            <criterion test_ref="oval:navy.navwar.niwcatlantic.scc.ms.onedrive:tst:50"
                       comment="Verify the policy value for Computer Configuration -> Administrative Templates -> Microsoft Office 2016 (Machine) -> Security Settings -> IE Security 'Scripted Window Security Restrictions' is set to 'Enabled' and 'groove.exe' is checked.

Procedure: Use the Windows Registry Editor to navigate to the following key: 

HKLM\Software\Microsoft\Internet Explorer\Main\FeatureControl\FEATURE_WINDOW_RESTRICTIONS

Criteria: If the value groove.exe is REG_DWORD = 1, this is not a finding."/>
         </criteria>
      </definition>
      <definition id="oval:navy.navwar.niwcatlantic.scc.ms.onedrive:def:60"
                  version="1"
                  class="compliance">
         <metadata>
            <title>SRG-APP-000207</title>
            <description>Add-on Management functionality must be allowed.
</description>
            <affected family="windows">
               <product>MS OneDrive</product>
            </affected>
            <reference source="DISA" ref_id="V-215534" ref_url="http://iase.disa.mil"/>
            <reference source="CCI"
                       ref_id="SV-85935 V-71311 CCI-001662"
                       ref_url="http://iase.disa.mil/cci"/>
         </metadata>
         <criteria operator="AND">
            <criterion test_ref="oval:navy.navwar.niwcatlantic.scc.ms.onedrive:tst:60"
                       comment="Verify the policy value for Computer Configuration -> Administrative Templates -> Microsoft Office 2016 (Machine) -> Security Settings -> IE Security 'Add-on Management' is set to 'Enabled' and 'groove.exe' is checked.

Procedure: Use the Windows Registry Editor to navigate to the following key: 

HKLM\Software\Microsoft\Internet Explorer\Main\FeatureControl\FEATURE_ADDON_MANAGEMENT

Criteria: If the value groove.exe is REG_DWORD = 1, this is not a finding."/>
         </criteria>
      </definition>
      <definition id="oval:navy.navwar.niwcatlantic.scc.ms.onedrive:def:70"
                  version="1"
                  class="compliance">
         <metadata>
            <title>SRG-APP-000207</title>
            <description>Links that invoke instances of Internet Explorer from within an Office product must be blocked.
</description>
            <affected family="windows">
               <product>MS OneDrive</product>
            </affected>
            <reference source="DISA" ref_id="V-215535" ref_url="http://iase.disa.mil"/>
            <reference source="CCI"
                       ref_id="SV-85937 V-71313 CCI-001662"
                       ref_url="http://iase.disa.mil/cci"/>
         </metadata>
         <criteria operator="AND">
            <criterion test_ref="oval:navy.navwar.niwcatlantic.scc.ms.onedrive:tst:70"
                       comment="Verify the policy value for Computer Configuration -> Administrative Templates -> Microsoft Office 2016 (Machine) -> Security Settings -> IE Security 'Block popups' is set to 'Enabled' and 'groove.exe' is checked.

Procedure: Use the Windows Registry Editor to navigate to the following key: 

HKLM\Software\Microsoft\Internet Explorer\Main\FeatureControl\FEATURE_WEBOC_POPUPMANAGEMENT

Criteria: If the value groove.exe is REG_DWORD = 1, this is not a finding."/>
         </criteria>
      </definition>
      <definition id="oval:navy.navwar.niwcatlantic.scc.ms.onedrive:def:80"
                  version="1"
                  class="compliance">
         <metadata>
            <title>SRG-APP-000209</title>
            <description>File Downloads must be configured for proper restrictions.
</description>
            <affected family="windows">
               <product>MS OneDrive</product>
            </affected>
            <reference source="DISA" ref_id="V-215536" ref_url="http://iase.disa.mil"/>
            <reference source="CCI"
                       ref_id="SV-85941 V-71317 CCI-001169"
                       ref_url="http://iase.disa.mil/cci"/>
         </metadata>
         <criteria operator="AND">
            <criterion test_ref="oval:navy.navwar.niwcatlantic.scc.ms.onedrive:tst:80"
                       comment="Verify the policy value for Computer Configuration -> Administrative Templates -> Microsoft Office 2016 (Machine) -> Security Settings -> IE Security 'Restrict File Download' is set to 'Enabled' and 'groove.exe' is checked.

Procedure: Use the Windows Registry Editor to navigate to the following key: 

HKLM\Software\Microsoft\Internet Explorer\Main\FeatureControl\FEATURE_RESTRICT_FILEDOWNLOAD

Criteria: If the value of groove.exe is REG_DWORD = 1, this is not a finding.
"/>
         </criteria>
      </definition>
      <definition id="oval:navy.navwar.niwcatlantic.scc.ms.onedrive:def:90"
                  version="1"
                  class="compliance">
         <metadata>
            <title>SRG-APP-000112</title>
            <description>Protection from zone elevation must be enforced.
</description>
            <affected family="windows">
               <product>MS OneDrive</product>
            </affected>
            <reference source="DISA" ref_id="V-215537" ref_url="http://iase.disa.mil"/>
            <reference source="CCI"
                       ref_id="SV-85943 V-71319 CCI-001695"
                       ref_url="http://iase.disa.mil/cci"/>
         </metadata>
         <criteria operator="AND">
            <criterion test_ref="oval:navy.navwar.niwcatlantic.scc.ms.onedrive:tst:90"
                       comment="Verify the policy value for Computer Configuration -> Administrative Templates -> Microsoft Office 2016 (Machine) -> Security Settings -> IE Security 'Protection From Zone Elevation' is set to 'Enabled' and 'groove.exe' is checked.

Procedure: Use the Windows Registry Editor to navigate to the following key: 

HKLM\Software\Microsoft\Internet Explorer\Main\FeatureControl\FEATURE_ZONE_ELEVATION

Criteria: If the value groove.exe is REG_DWORD = 1, this is not a finding."/>
         </criteria>
      </definition>
      <definition id="oval:navy.navwar.niwcatlantic.scc.ms.onedrive:def:100"
                  version="1"
                  class="compliance">
         <metadata>
            <title>SRG-APP-000488</title>
            <description>ActiveX Installs must be configured for proper restriction.
</description>
            <affected family="windows">
               <product>MS OneDrive</product>
            </affected>
            <reference source="DISA" ref_id="V-215538" ref_url="http://iase.disa.mil"/>
            <reference source="CCI"
                       ref_id="SV-85945 V-71321 CCI-002460"
                       ref_url="http://iase.disa.mil/cci"/>
         </metadata>
         <criteria operator="AND">
            <criterion test_ref="oval:navy.navwar.niwcatlantic.scc.ms.onedrive:tst:100"
                       comment="Verify the policy value for Computer Configuration -> Administrative Templates -> Microsoft Office 2016 (Machine) -> Security Settings -> IE Security 'Restrict ActiveX Install' is set to 'Enabled' and 'groove.exe' is checked.

Procedure: Use the Windows Registry Editor to navigate to the following key: 

HKLM\Software\Microsoft\Internet Explorer\Main\FeatureControl\FEATURE_RESTRICT_ACTIVEXINSTALL

Criteria: If the value groove.exe is REG_DWORD = 1, this is not a finding."/>
         </criteria>
      </definition>
      <definition id="oval:navy.navwar.niwcatlantic.scc.ms.onedrive:def:120"
                  version="1"
                  class="compliance">
         <metadata>
            <title>SRG-APP-000141</title>
            <description>The use of personal accounts for OneDrive synchronization must be disabled.</description>
            <affected family="windows">
               <product>MS OneDrive</product>
            </affected>
            <reference source="DISA" ref_id="V-230564" ref_url="http://iase.disa.mil"/>
            <reference source="CCI"
                       ref_id="V-82137 SV-96851 CCI-000381"
                       ref_url="http://iase.disa.mil/cci"/>
         </metadata>
         <criteria operator="AND">
            <criterion test_ref="oval:navy.navwar.niwcatlantic.scc.ms.onedrive:tst:120"
                       comment="If the following registry value does not exist or is not configured as specified, this is a finding.

Registry Hive: HKEY_CURRENT_USER
Registry Path: \Software\Policies\Microsoft\OneDrive\

Value Name: DisablePersonalSync

Value Type: REG_DWORD
Value: 0x00000001 (1)"/>
         </criteria>
      </definition>
   </definitions>
   <tests>
      <registry_test xmlns="http://oval.mitre.org/XMLSchema/oval-definitions-5#windows"
                     check="all"
                     version="1"
                     comment="Disabling of user name and password syntax from being used in URLs must be enforced."
                     id="oval:navy.navwar.niwcatlantic.scc.ms.onedrive:tst:10">
         <object object_ref="oval:navy.navwar.niwcatlantic.scc.ms.onedrive:obj:10"/>
         <state state_ref="oval:navy.navwar.niwcatlantic.scc.ms.onedrive:ste:10"/>
      </registry_test>
      <registry_test xmlns="http://oval.mitre.org/XMLSchema/oval-definitions-5#windows"
                     check="all"
                     version="1"
                     comment="Enabling IE Bind to Object functionality must be present."
                     id="oval:navy.navwar.niwcatlantic.scc.ms.onedrive:tst:20">
         <object object_ref="oval:navy.navwar.niwcatlantic.scc.ms.onedrive:obj:20"/>
         <state state_ref="oval:navy.navwar.niwcatlantic.scc.ms.onedrive:ste:10"/>
      </registry_test>
      <registry_test xmlns="http://oval.mitre.org/XMLSchema/oval-definitions-5#windows"
                     check="all"
                     version="1"
                     comment="Saved from URL mark to assure Internet zone processing must be enforced."
                     id="oval:navy.navwar.niwcatlantic.scc.ms.onedrive:tst:30">
         <object object_ref="oval:navy.navwar.niwcatlantic.scc.ms.onedrive:obj:30"/>
         <state state_ref="oval:navy.navwar.niwcatlantic.scc.ms.onedrive:ste:10"/>
      </registry_test>
      <registry_test xmlns="http://oval.mitre.org/XMLSchema/oval-definitions-5#windows"
                     check="all"
                     version="1"
                     comment="Navigation to URLs embedded in Office products must be blocked."
                     id="oval:navy.navwar.niwcatlantic.scc.ms.onedrive:tst:40">
         <object object_ref="oval:navy.navwar.niwcatlantic.scc.ms.onedrive:obj:40"/>
         <state state_ref="oval:navy.navwar.niwcatlantic.scc.ms.onedrive:ste:10"/>
      </registry_test>
      <registry_test xmlns="http://oval.mitre.org/XMLSchema/oval-definitions-5#windows"
                     check="all"
                     version="1"
                     comment="Scripted Window Security must be enforced."
                     id="oval:navy.navwar.niwcatlantic.scc.ms.onedrive:tst:50">
         <object object_ref="oval:navy.navwar.niwcatlantic.scc.ms.onedrive:obj:50"/>
         <state state_ref="oval:navy.navwar.niwcatlantic.scc.ms.onedrive:ste:10"/>
      </registry_test>
      <registry_test xmlns="http://oval.mitre.org/XMLSchema/oval-definitions-5#windows"
                     check="all"
                     version="1"
                     comment="Add-on Management functionality must be allowed."
                     id="oval:navy.navwar.niwcatlantic.scc.ms.onedrive:tst:60">
         <object object_ref="oval:navy.navwar.niwcatlantic.scc.ms.onedrive:obj:60"/>
         <state state_ref="oval:navy.navwar.niwcatlantic.scc.ms.onedrive:ste:10"/>
      </registry_test>
      <registry_test xmlns="http://oval.mitre.org/XMLSchema/oval-definitions-5#windows"
                     check="all"
                     version="1"
                     comment="Links that invoke instances of Internet Explorer from within an Office product must be blocked."
                     id="oval:navy.navwar.niwcatlantic.scc.ms.onedrive:tst:70">
         <object object_ref="oval:navy.navwar.niwcatlantic.scc.ms.onedrive:obj:70"/>
         <state state_ref="oval:navy.navwar.niwcatlantic.scc.ms.onedrive:ste:10"/>
      </registry_test>
      <registry_test xmlns="http://oval.mitre.org/XMLSchema/oval-definitions-5#windows"
                     check="all"
                     version="1"
                     comment="File Downloads must be configured for proper restrictions."
                     id="oval:navy.navwar.niwcatlantic.scc.ms.onedrive:tst:80">
         <object object_ref="oval:navy.navwar.niwcatlantic.scc.ms.onedrive:obj:80"/>
         <state state_ref="oval:navy.navwar.niwcatlantic.scc.ms.onedrive:ste:10"/>
      </registry_test>
      <registry_test xmlns="http://oval.mitre.org/XMLSchema/oval-definitions-5#windows"
                     check="all"
                     version="1"
                     comment="Protection from zone elevation must be enforced."
                     id="oval:navy.navwar.niwcatlantic.scc.ms.onedrive:tst:90">
         <object object_ref="oval:navy.navwar.niwcatlantic.scc.ms.onedrive:obj:90"/>
         <state state_ref="oval:navy.navwar.niwcatlantic.scc.ms.onedrive:ste:10"/>
      </registry_test>
      <registry_test xmlns="http://oval.mitre.org/XMLSchema/oval-definitions-5#windows"
                     check="all"
                     version="1"
                     comment="ActiveX Installs must be configured for proper restriction."
                     id="oval:navy.navwar.niwcatlantic.scc.ms.onedrive:tst:100">
         <object object_ref="oval:navy.navwar.niwcatlantic.scc.ms.onedrive:obj:100"/>
         <state state_ref="oval:navy.navwar.niwcatlantic.scc.ms.onedrive:ste:10"/>
      </registry_test>
      <ntuser_test xmlns="http://oval.mitre.org/XMLSchema/oval-definitions-5#windows"
                   check="all"
                   version="1"
                   comment="The use of personal accounts for OneDrive synchronization must be disabled."
                   id="oval:navy.navwar.niwcatlantic.scc.ms.onedrive:tst:120">
         <object object_ref="oval:navy.navwar.niwcatlantic.scc.ms.onedrive:obj:120"/>
         <state state_ref="oval:navy.navwar.niwcatlantic.scc.ms.onedrive:ste:120"/>
      </ntuser_test>
   </tests>
   <objects>
      <registry_object xmlns="http://oval.mitre.org/XMLSchema/oval-definitions-5#windows"
                       version="1"
                       comment="groove.exe = 1"
                       id="oval:navy.navwar.niwcatlantic.scc.ms.onedrive:obj:10">
         <hive>HKEY_LOCAL_MACHINE</hive>
         <key>Software\Microsoft\Internet Explorer\Main\FeatureControl\FEATURE_HTTP_USERNAME_PASSWORD_DISABLE</key>
         <name>groove.exe</name>
      </registry_object>
      <registry_object xmlns="http://oval.mitre.org/XMLSchema/oval-definitions-5#windows"
                       version="1"
                       comment="groove.exe = 1"
                       id="oval:navy.navwar.niwcatlantic.scc.ms.onedrive:obj:20">
         <hive>HKEY_LOCAL_MACHINE</hive>
         <key>Software\Microsoft\Internet Explorer\Main\FeatureControl\FEATURE_SAFE_BINDTOOBJECT</key>
         <name>groove.exe</name>
      </registry_object>
      <registry_object xmlns="http://oval.mitre.org/XMLSchema/oval-definitions-5#windows"
                       version="1"
                       comment="groove.exe = 1"
                       id="oval:navy.navwar.niwcatlantic.scc.ms.onedrive:obj:30">
         <hive>HKEY_LOCAL_MACHINE</hive>
         <key>Software\Microsoft\Internet Explorer\Main\FeatureControl\FEATURE_UNC_SAVEDFILECHECK</key>
         <name>groove.exe</name>
      </registry_object>
      <registry_object xmlns="http://oval.mitre.org/XMLSchema/oval-definitions-5#windows"
                       version="1"
                       comment="groove.exe = 1"
                       id="oval:navy.navwar.niwcatlantic.scc.ms.onedrive:obj:40">
         <hive>HKEY_LOCAL_MACHINE</hive>
         <key>Software\Microsoft\Internet Explorer\Main\FeatureControl\FEATURE_VALIDATE_NAVIGATE_URL</key>
         <name>groove.exe</name>
      </registry_object>
      <registry_object xmlns="http://oval.mitre.org/XMLSchema/oval-definitions-5#windows"
                       version="1"
                       comment="groove.exe = 1"
                       id="oval:navy.navwar.niwcatlantic.scc.ms.onedrive:obj:50">
         <hive>HKEY_LOCAL_MACHINE</hive>
         <key>Software\Microsoft\Internet Explorer\Main\FeatureControl\FEATURE_WINDOW_RESTRICTIONS</key>
         <name>groove.exe</name>
      </registry_object>
      <registry_object xmlns="http://oval.mitre.org/XMLSchema/oval-definitions-5#windows"
                       version="1"
                       comment="groove.exe = 1"
                       id="oval:navy.navwar.niwcatlantic.scc.ms.onedrive:obj:60">
         <hive>HKEY_LOCAL_MACHINE</hive>
         <key>Software\Microsoft\Internet Explorer\Main\FeatureControl\FEATURE_ADDON_MANAGEMENT</key>
         <name>groove.exe</name>
      </registry_object>
      <registry_object xmlns="http://oval.mitre.org/XMLSchema/oval-definitions-5#windows"
                       version="1"
                       comment="groove.exe = 1"
                       id="oval:navy.navwar.niwcatlantic.scc.ms.onedrive:obj:70">
         <hive>HKEY_LOCAL_MACHINE</hive>
         <key>Software\Microsoft\Internet Explorer\Main\FeatureControl\FEATURE_WEBOC_POPUPMANAGEMENT</key>
         <name>groove.exe</name>
      </registry_object>
      <registry_object xmlns="http://oval.mitre.org/XMLSchema/oval-definitions-5#windows"
                       version="1"
                       comment="groove.exe = 1"
                       id="oval:navy.navwar.niwcatlantic.scc.ms.onedrive:obj:80">
         <hive>HKEY_LOCAL_MACHINE</hive>
         <key>Software\Microsoft\Internet Explorer\Main\FeatureControl\FEATURE_RESTRICT_FILEDOWNLOAD</key>
         <name>groove.exe</name>
      </registry_object>
      <registry_object xmlns="http://oval.mitre.org/XMLSchema/oval-definitions-5#windows"
                       version="1"
                       comment="groove.exe = 1"
                       id="oval:navy.navwar.niwcatlantic.scc.ms.onedrive:obj:90">
         <hive>HKEY_LOCAL_MACHINE</hive>
         <key>Software\Microsoft\Internet Explorer\Main\FeatureControl\FEATURE_ZONE_ELEVATION</key>
         <name>groove.exe</name>
      </registry_object>
      <registry_object xmlns="http://oval.mitre.org/XMLSchema/oval-definitions-5#windows"
                       version="1"
                       comment="groove.exe = 1"
                       id="oval:navy.navwar.niwcatlantic.scc.ms.onedrive:obj:100">
         <hive>HKEY_LOCAL_MACHINE</hive>
         <key>Software\Microsoft\Internet Explorer\Main\FeatureControl\FEATURE_RESTRICT_ACTIVEXINSTALL</key>
         <name>groove.exe</name>
      </registry_object>
      <ntuser_object xmlns="http://oval.mitre.org/XMLSchema/oval-definitions-5#windows"
                     version="1"
                     comment="disallowattachmentcustomization = 1"
                     id="oval:navy.navwar.niwcatlantic.scc.ms.onedrive:obj:120">
          <key>Software\Policies\Microsoft\OneDrive</key>
          <name>DisablePersonalSync</name>
          <oval-def:filter action="exclude">oval:navy.navwar.niwcatlantic.scc.ms.onedrive:ste:9997</oval-def:filter>
      </ntuser_object>
   </objects>
   <states>
      <registry_state xmlns="http://oval.mitre.org/XMLSchema/oval-definitions-5#windows"
                      version="1"
                      comment="Registry key (groove.exe) type equals reg_dword and value equals 1"
                      id="oval:navy.navwar.niwcatlantic.scc.ms.onedrive:ste:10">
          <value>1</value>
      </registry_state>
      <ntuser_state xmlns="http://oval.mitre.org/XMLSchema/oval-definitions-5#windows"
                      version="1"
                      comment="Registry key type equals reg_dword and value equals 1"
                      id="oval:navy.navwar.niwcatlantic.scc.ms.onedrive:ste:120">
          <value>1</value>
      </ntuser_state>
      <ntuser_state xmlns="http://oval.mitre.org/XMLSchema/oval-definitions-5#windows"
         version="1"
         comment="Exclude Disabled Accounts"
         id="oval:navy.navwar.niwcatlantic.scc.ms.onedrive:ste:9997">
         <enabled datatype="boolean">false</enabled>
      </ntuser_state>
   </states>
</oval_definitions>
	</component>
	<component id="scap_navy.navwar.niwcatlantic.scc_comp_U_MS_OneDrive_V2R2_STIG_SCAP_1-3_Benchmark-enhancedV3-cpe-oval.xml" timestamp="2023-01-10T09:31:08">
		<oval_definitions xmlns="http://oval.mitre.org/XMLSchema/oval-definitions-5"
                  xmlns:oval="http://oval.mitre.org/XMLSchema/oval-common-5"
                  xmlns:oval-def="http://oval.mitre.org/XMLSchema/oval-definitions-5"
                  xmlns:macos-def="http://oval.mitre.org/XMLSchema/oval-definitions-5#windows"
                  xmlns:independent-def="http://oval.mitre.org/XMLSchema/oval-definitions-5#independent"
                  xmlns:xsi="http://www.w3.org/2001/XMLSchema-instance"
                  xsi:schemaLocation="http://oval.mitre.org/XMLSchema/oval-definitions-5 https://oval.mitre.org/language/version5.11/ovaldefinition/complete/oval-definitions-schema.xsd http://oval.mitre.org/XMLSchema/oval-common-5 https://oval.mitre.org/language/version5.11/ovaldefinition/complete/oval-common-schema.xsd http://oval.mitre.org/XMLSchema/oval-definitions-5#windows https://oval.mitre.org/language/version5.11/ovaldefinition/complete/windows-definitions-schema.xsd http://oval.mitre.org/XMLSchema/oval-definitions-5#independent https://oval.mitre.org/language/version5.11/ovaldefinition/complete/independent-definitions-schema.xsd">
    <oval-def:generator>
        <oval:product_name>Naval Information Warfare Center Atlantic</oval:product_name>
        <oval:schema_version>5.11.2</oval:schema_version>
        <oval:timestamp>2023-01-07T16:15:00-04:00</oval:timestamp>
    </oval-def:generator>
    <definitions>
        <definition id="oval:navy.navwar.niwcatlantic.scc.ms.onedrive:def:1"
                    version="1"
                    class="inventory">
            <metadata>
                <title>Microsoft OneDrive</title>
                <affected family="windows">
                    <platform>Windows</platform>
                </affected>
                <reference source="CPE" ref_id="cpe:/a:microsoft:onedrive:-"/>
                <description>Microsoft OneDrive</description>
            </metadata>
            <criteria operator="AND">
                <criterion test_ref="oval:navy.navwar.niwcatlantic.scc.ms.onedrive:tst:1"/>
            </criteria>
        </definition>
    </definitions>
    <tests>
        <registry_test xmlns="http://oval.mitre.org/XMLSchema/oval-definitions-5#windows"
            check="all"
            version="1"
            comment='Determine the installed Office product version, if any.'
            id="oval:navy.navwar.niwcatlantic.scc.ms.onedrive:tst:1">
            <object object_ref="oval:navy.navwar.niwcatlantic.scc.ms.onedrive:obj:1"/>
            <state state_ref="oval:navy.navwar.niwcatlantic.scc.ms.onedrive:ste:1"/>
        </registry_test>
    </tests>
    <objects>
        <registry_object xmlns="http://oval.mitre.org/XMLSchema/oval-definitions-5#windows"
            version="1"
            comment="Check the OneDrive keys to find version numbers"
            id="oval:navy.navwar.niwcatlantic.scc.ms.onedrive:obj:1">
            <hive>HKEY_LOCAL_MACHINE</hive>
            <key>SOFTWARE\Microsoft\OneDrive</key>
            <name>Version</name>
        </registry_object>
    </objects>
    <states>
        <registry_state xmlns="http://oval.mitre.org/XMLSchema/oval-definitions-5#windows"
            version="1"
            comment="Version must be of format ##.###.####.####"
            id="oval:navy.navwar.niwcatlantic.scc.ms.onedrive:ste:1">
            <value operation="pattern match">\d*\.\d*\.\d*\.\d*</value>
        </registry_state>
    </states>
</oval_definitions>
	</component>
	<component id="scap_navy.navwar.niwcatlantic.scc_comp_U_MS_OneDrive_V2R2_STIG_SCAP_1-3_Benchmark-enhancedV3-cpe-dictionary.xml" timestamp="2023-01-10T09:31:08">
		<cpe-list xmlns="http://cpe.mitre.org/dictionary/2.0"
   xmlns:xsi="http://www.w3.org/2001/XMLSchema-instance"
   xsi:schemaLocation="http://cpe.mitre.org/dictionary/2.0 http://cpe.mitre.org/files/cpe-dictionary_2.3.xsd">
   <cpe-item name="cpe:/a:microsoft:onedrive:-">
      <title>Microsoft OneDrive</title>
      <check system="http://oval.mitre.org/XMLSchema/oval-definitions-5" href="U_MS_OneDrive_V2R2_STIG_SCAP_1-3_Benchmark-enhancedV3-cpe-oval.xml">oval:navy.navwar.niwcatlantic.scc.ms.onedrive:def:1</check>
   </cpe-item>
</cpe-list>
	</component>
<component id="scap_navy.navwar.niwcatlantic.scc_comp_U_MS_OneDrive_V2R2_STIG_SCAP_1-3_Benchmark-enhancedV3-ocil.xml" timestamp="2023-06-02T13:49:22">
<ocil xmlns="http://scap.nist.gov/schema/ocil/2.0" xmlns:xsi="http://www.w3.org/2001/XMLSchema-instance" xsi:schemaLocation="http://scap.nist.gov/schema/ocil/2.0 ocil-2.0.xsd">
      <generator>
            <schema_version>2.0</schema_version>
            <timestamp>2023-06-02T13:49:22</timestamp>
      </generator>
      <document>
            <title>Microsoft OneDrive Security Technical Implementation Guide</title>
            <description>This Security Technical Implementation Guide is published as a tool to improve the security of Department of Defense (DoD) information systems. The requirements are derived from the National Institute of Standards and Technology (NIST) 800-53 and related documents. Comments or proposed revisions to this document should be sent via email to the following address: disa.stig_spt@mail.mil.</description>
      </document>
      <questionnaires>
            <questionnaire id="ocil:navy.navwar.niwcatlantic.scc.ms.onedrive:questionnaire:201">
                  <title>OneDrive must only allow synchronizing of accounts for DoD organization instances.</title>
                  <description>&lt;VulnDiscussion&gt;OneDrive provides access to external services for data storage, which must be restricted to authorized instances if enabled. Configuring this setting will restrict synchronizing of OneDrive accounts to DoD organization instances.&lt;/VulnDiscussion&gt;&lt;FalsePositives&gt;&lt;/FalsePositives&gt;&lt;FalseNegatives&gt;&lt;/FalseNegatives&gt;&lt;Documentable&gt;false&lt;/Documentable&gt;&lt;Mitigations&gt;&lt;/Mitigations&gt;&lt;SeverityOverrideGuidance&gt;&lt;/SeverityOverrideGuidance&gt;&lt;PotentialImpacts&gt;&lt;/PotentialImpacts&gt;&lt;ThirdPartyTools&gt;&lt;/ThirdPartyTools&gt;&lt;MitigationControl&gt;&lt;/MitigationControl&gt;&lt;Responsibility&gt;&lt;/Responsibility&gt;&lt;IAControls&gt;&lt;/IAControls&gt;</description>
                  <actions operation="AND">
                        <test_action_ref>ocil:navy.navwar.niwcatlantic.scc.ms.onedrive:testaction:201</test_action_ref>
                  </actions>
            </questionnaire>
      </questionnaires>
      <test_actions>
            <choice_question_test_action question_ref="ocil:navy.navwar.niwcatlantic.scc.ms.onedrive:question:201" id="ocil:navy.navwar.niwcatlantic.scc.ms.onedrive:testaction:201">
                  <title>CAT II, V-230562, SV-230562r569322, SRG-APP-000516</title>
                  <when_choice>
                        <result>FAIL</result>
                        <choice_ref>ocil:navy.navwar.niwcatlantic.scc:choice:1</choice_ref>
                  </when_choice>
                  <when_choice>
                        <result>PASS</result>
                        <choice_ref>ocil:navy.navwar.niwcatlantic.scc:choice:2</choice_ref>
                  </when_choice>
                  <when_choice>
                        <result>NOT_APPLICABLE</result>
                        <choice_ref>ocil:navy.navwar.niwcatlantic.scc:choice:3</choice_ref>
                  </when_choice>
                  <when_choice>
                        <result>NOT_TESTED</result>
                        <choice_ref>ocil:navy.navwar.niwcatlantic.scc:choice:4</choice_ref>
                  </when_choice>
            </choice_question_test_action>
      </test_actions>
      <questions>
            <choice_question id="ocil:navy.navwar.niwcatlantic.scc.ms.onedrive:question:201" default_answer_ref="ocil:navy.navwar.niwcatlantic.scc:choice:4">
                  <question_text>If the organization is using a DoD instance of OneDrive, verify synchronizing is only allowed to the organization's DoD instance.

If the organization does not have an instance of OneDrive, verify this is configured with the noted dummy entry to prevent synchronizing with other instances.

If the following registry value does not exist or is not configured as specified, this is a finding.

Registry Hive: HKEY_LOCAL_MACHINE
Registry Path: \SOFTWARE\Policies\Microsoft\OneDrive\AllowTenantList\

Value Name: Organization's Tenant GUID

Value Type: REG_SZ
Value: Organization's Tenant GUID

If the organization does not have an instance of OneDrive, the Value Name and Value must be 1111-2222-3333-4444.

If it is not, this is a finding.

References:
SV-98853
V-88203
CCI-000366
</question_text>
                  <choice_group_ref>ocil:navy.navwar.niwcatlantic.scc:choicegroup:1</choice_group_ref>
            </choice_question>
            <choice_group id="ocil:navy.navwar.niwcatlantic.scc:choicegroup:1">
                  <choice id="ocil:navy.navwar.niwcatlantic.scc:choice:1">Finding</choice>
                  <choice id="ocil:navy.navwar.niwcatlantic.scc:choice:2">Not a Finding</choice>
                  <choice id="ocil:navy.navwar.niwcatlantic.scc:choice:3">Not Applicable</choice>
                  <choice id="ocil:navy.navwar.niwcatlantic.scc:choice:4">Not Reviewed</choice>
            </choice_group>
      </questions>
</ocil>
</component>
</data-stream-collection>
